iso_o,TIME_PERIOD,gdp_pct
ARG,1999,10838.32
ARG,2000,10631.65
ARG,2001,10051.94
ARG,2002,8861.56
ARG,2003,9545.53
ARG,2004,10302.45
ARG,2005,11099.75
ARG,2006,11870.28
ARG,2007,12811.9
ARG,2008,13197.36
ARG,2009,12285.38
ARG,2010,13387.16
ARG,2011,14040.62
ARG,2012,13754.43
ARG,2013,13946.1
ARG,2014,13456.13
ARG,2015,13679.63
ARG,2016,13265.89
ARG,2017,13520.11
ARG,2018,13058.33
ARG,2019,12706.4
ARG,2020,11393.05
AUS,1999,44636.94
AUS,2000,45859.52
AUS,2001,46191.31
AUS,2002,47486.28
AUS,2003,48394.13
AUS,2004,49902.02
AUS,2005,50853.2
AUS,2006,51553.97
AUS,2007,52531.76
AUS,2008,53336.1
AUS,2009,53237.01
AUS,2010,53578.81
AUS,2011,54111.36
AUS,2012,55257.57
AUS,2013,55728.02
AUS,2014,56327.85
AUS,2015,56739.03
AUS,2016,57401.07
AUS,2017,57750.65
AUS,2018,58530.78
AUS,2019,58924.73
AUS,2020,58132.8
AUT,1999,37468.87
AUT,2000,38571.09
AUT,2001,38929.75
AUT,2002,39313.72
AUT,2003,39569.29
AUT,2004,40333.33
AUT,2005,40989.01
AUT,2006,42120.16
AUT,2007,43568.83
AUT,2008,44063.86
AUT,2009,42372.48
AUT,2010,43035.41
AUT,2011,44146.2
AUT,2012,44221.46
AUT,2013,43851.37
AUT,2014,43838.83
AUT,2015,43915.23
AUT,2016,44362.67
AUT,2017,45056.64
AUT,2018,45951.58
AUT,2019,46550.56
AUT,2020,43428.7
BGD,1999,600.23
BGD,2000,620.56
BGD,2001,641.29
BGD,2002,655.67
BGD,2003,676.83
BGD,2004,702.66
BGD,2005,739.2
BGD,2006,779.42
BGD,2007,825.51
BGD,2008,866.46
BGD,2009,901.73
BGD,2010,943.66
BGD,2011,995.58
BGD,2012,1050.39
BGD,2013,1103.16
BGD,2014,1159.41
BGD,2015,1224.39
BGD,2016,1299.83
BGD,2017,1373.75
BGD,2018,1462.25
BGD,2019,1564.21
BGD,2020,1604.67
BLR,1999,2460.37
BLR,2000,2615.36
BLR,2001,2753.03
BLR,2002,2910.4
BLR,2003,3137.26
BLR,2004,3520.4
BLR,2005,3877.72
BLR,2006,4291.69
BLR,2007,4682.21
BLR,2008,5177.65
BLR,2009,5200.77
BLR,2010,5616.09
BLR,2011,5941.69
BLR,2012,6052.64
BLR,2013,6115.43
BLR,2014,6212.92
BLR,2015,5967.06
BLR,2016,5811.2
BLR,2017,5964.9
BLR,2018,6165.91
BLR,2019,6267.74
BLR,2020,6251.99
BEL,1999,34676.61
BEL,2000,35878.32
BEL,2001,36148.29
BEL,2002,36600.86
BEL,2003,36826.27
BEL,2004,37976.7
BEL,2005,38645.26
BEL,2006,39371.09
BEL,2007,40520.08
BEL,2008,40380.91
BEL,2009,39293.64
BEL,2010,39991.56
BEL,2011,40236.96
BEL,2012,40074.49
BEL,2013,40007.9
BEL,2014,40533.91
BEL,2015,40893.8
BEL,2016,41172.89
BEL,2017,41619.33
BEL,2018,42208.36
BEL,2019,43006.4
BEL,2020,40769.02
BRA,1999,6621.64
BRA,2000,6817.78
BRA,2001,6823.03
BRA,2002,6944.62
BRA,2003,6941.44
BRA,2004,7258.78
BRA,2005,7409.57
BRA,2006,7622.04
BRA,2007,8003.25
BRA,2008,8330.76
BRA,2009,8246.1
BRA,2010,8792.63
BRA,2011,9067.99
BRA,2012,9167.5
BRA,2013,9366.74
BRA,2014,9338.34
BRA,2015,8936.2
BRA,2016,8577.84
BRA,2017,8628.25
BRA,2018,8722.34
BRA,2019,8771.44
BRA,2020,8435.01
BRN,1999,37045.93
BRN,2000,37509.6
BRN,2001,37269.31
BRN,2002,37976.26
BRN,2003,38595.17
BRN,2004,37948.66
BRN,2005,37312.28
BRN,2006,38229.36
BRN,2007,36174.52
BRN,2008,34126.69
BRN,2009,32855.6
BRN,2010,33121.32
BRN,2011,33754.36
BRN,2012,33544.54
BRN,2013,32381.07
BRN,2014,31148.73
BRN,2015,30625.13
BRN,2016,29492.41
BRN,2017,29524.66
BRN,2018,29200.2
BRN,2019,29996.24
BRN,2020,30015.96
BGR,1999,3537.35
BGR,2000,3717.93
BGR,2001,3937.7
BGR,2002,4260.4
BGR,2003,4519.18
BGR,2004,4849.87
BGR,2005,5231.34
BGR,2006,5629.8
BGR,2007,6048.74
BGR,2008,6464.72
BGR,2009,6288.73
BGR,2010,6428.72
BGR,2011,6605.31
BGR,2012,6693.43
BGR,2013,6792.74
BGR,2014,6941.02
BGR,2015,7268.65
BGR,2016,7586.5
BGR,2017,7898.71
BGR,2018,8211.94
BGR,2019,8644.25
BGR,2020,8450.6
KHM,1999,552.9
KHM,2000,598.56
KHM,2001,632.83
KHM,2002,662.19
KHM,2003,719.33
KHM,2004,775.85
KHM,2005,866.34
KHM,2006,947.07
KHM,2007,1030.23
KHM,2008,1090.57
KHM,2009,1117.26
KHM,2010,1155.85
KHM,2011,1221.39
KHM,2012,1295.25
KHM,2013,1376.3
KHM,2014,1464.53
KHM,2015,1547.32
KHM,2016,1645.47
KHM,2017,1753.94
KHM,2018,1884.28
KHM,2019,2008.32
KHM,2020,1908.63
CMR,1999,1138.36
CMR,2000,1151.28
CMR,2001,1169.93
CMR,2002,1189.97
CMR,2003,1221.09
CMR,2004,1271.74
CMR,2005,1264.74
CMR,2006,1277.33
CMR,2007,1295.73
CMR,2008,1295.02
CMR,2009,1290.9
CMR,2010,1290.9
CMR,2011,1297.31
CMR,2012,1319.67
CMR,2013,1347.21
CMR,2014,1381.82
CMR,2015,1415.0
CMR,2016,1435.62
CMR,2017,1444.91
CMR,2018,1461.02
CMR,2019,1470.32
CMR,2020,1434.52
CAN,1999,36391.54
CAN,2000,37906.86
CAN,2001,38200.46
CAN,2002,38921.67
CAN,2003,39270.02
CAN,2004,40108.76
CAN,2005,41006.22
CAN,2006,41663.51
CAN,2007,42106.87
CAN,2008,42067.57
CAN,2009,40376.42
CAN,2010,41164.34
CAN,2011,42043.64
CAN,2012,42320.64
CAN,2013,42851.17
CAN,2014,43643.24
CAN,2015,43594.19
CAN,2016,43551.34
CAN,2017,44339.39
CAN,2018,44907.34
CAN,2019,45100.29
CAN,2020,42366.13
CHL,1999,8161.45
CHL,2000,8465.35
CHL,2001,8632.01
CHL,2002,8810.69
CHL,2003,9130.78
CHL,2004,9642.37
CHL,2005,10104.42
CHL,2006,10611.61
CHL,2007,11051.35
CHL,2008,11356.09
CHL,2009,11116.41
CHL,2010,11649.29
CHL,2011,12252.84
CHL,2012,12882.83
CHL,2013,13182.73
CHL,2014,13285.95
CHL,2015,13433.92
CHL,2016,13505.1
CHL,2017,13473.35
CHL,2018,13763.01
CHL,2019,13630.59
CHL,2020,12679.02
CHN,1999,2076.82
CHN,2000,2237.44
CHN,2001,2405.89
CHN,2002,2610.73
CHN,2003,2857.04
CHN,2004,3127.86
CHN,2005,3465.82
CHN,2006,3883.35
CHN,2007,4409.76
CHN,2008,4811.47
CHN,2009,5237.77
CHN,2010,5764.87
CHN,2011,6275.91
CHN,2012,6723.19
CHN,2013,7198.07
CHN,2014,7686.58
CHN,2015,8175.33
CHN,2016,8679.38
CHN,2017,9221.51
CHN,2018,9798.65
CHN,2019,10356.48
CHN,2020,10573.64
COL,1999,3967.11
COL,2000,4016.81
COL,2001,4020.51
COL,2002,4058.28
COL,2003,4154.18
COL,2004,4311.92
COL,2005,4457.28
COL,2006,4694.03
COL,2007,4947.25
COL,2008,5048.57
COL,2009,5046.97
COL,2010,5214.25
COL,2011,5517.1
COL,2012,5675.76
COL,2013,5910.81
COL,2014,6121.84
COL,2015,6248.51
COL,2016,6316.07
COL,2017,6309.68
COL,2018,6353.55
COL,2019,6439.96
COL,2020,5891.96
CRI,1999,7584.42
CRI,2000,7726.52
CRI,2001,7854.23
CRI,2002,7989.56
CRI,2003,8207.46
CRI,2004,8445.53
CRI,2005,8655.34
CRI,2006,9160.29
CRI,2007,9779.51
CRI,2008,10104.91
CRI,2009,9883.68
CRI,2010,10285.09
CRI,2011,10612.47
CRI,2012,11001.52
CRI,2013,11151.14
CRI,2014,11422.67
CRI,2015,11714.71
CRI,2016,12084.44
CRI,2017,12468.57
CRI,2018,12679.53
CRI,2019,12877.65
CRI,2020,12242.21
CIV,1999,1770.87
CIV,2000,1717.95
CIV,2001,1636.57
CIV,2002,1551.28
CIV,2003,1441.59
CIV,2004,1451.87
CIV,2005,1431.73
CIV,2006,1437.77
CIV,2007,1420.17
CIV,2008,1454.63
CIV,2009,1473.92
CIV,2010,1540.53
CIV,2011,1426.46
CIV,2012,1503.43
CIV,2013,1632.33
CIV,2014,1742.54
CIV,2015,1814.72
CIV,2016,1889.28
CIV,2017,1972.81
CIV,2018,2013.32
CIV,2019,2093.1
CIV,2020,2055.08
HRV,1999,8541.24
HRV,2000,8879.96
HRV,2001,9515.41
HRV,2002,10061.69
HRV,2003,10618.94
HRV,2004,11058.72
HRV,2005,11522.4
HRV,2006,12105.05
HRV,2007,12719.0
HRV,2008,12970.93
HRV,2009,12099.8
HRV,2010,11965.49
HRV,2011,11995.13
HRV,2012,11780.53
HRV,2013,11839.25
HRV,2014,11863.86
HRV,2015,12285.3
HRV,2016,12849.35
HRV,2017,13485.88
HRV,2018,14060.72
HRV,2019,14641.23
HRV,2020,13544.97
CYP,1999,21349.75
CYP,2000,22383.96
CYP,2001,23019.25
CYP,2002,23604.19
CYP,2003,23930.78
CYP,2004,24799.65
CYP,2005,25631.37
CYP,2006,26395.5
CYP,2007,27156.82
CYP,2008,27449.23
CYP,2009,26183.69
CYP,2010,26090.05
CYP,2011,25538.78
CYP,2012,24285.5
CYP,2013,22738.49
CYP,2014,22581.83
CYP,2015,23487.23
CYP,2016,24916.63
CYP,2017,26105.59
CYP,2018,27406.48
CYP,2019,28625.78
CYP,2020,27391.59
CZE,1999,12026.47
CZE,2000,12543.94
CZE,2001,12958.47
CZE,2002,13179.99
CZE,2003,13618.93
CZE,2004,14259.63
CZE,2005,15147.72
CZE,2006,16107.3
CZE,2007,16892.54
CZE,2008,17190.65
CZE,2009,16272.81
CZE,2010,16665.93
CZE,2011,16926.28
CZE,2012,16772.35
CZE,2013,16759.78
CZE,2014,17118.04
CZE,2015,17931.6
CZE,2016,18359.1
CZE,2017,19257.69
CZE,2018,19736.63
CZE,2019,20360.06
CZE,2020,19233.15
DNK,1999,47657.17
DNK,2000,49266.99
DNK,2001,49557.15
DNK,2002,49624.6
DNK,2003,49708.09
DNK,2004,50956.3
DNK,2005,52015.18
DNK,2006,53823.16
DNK,2007,54113.98
DNK,2008,53572.53
DNK,2009,50635.91
DNK,2010,51209.45
DNK,2011,51667.53
DNK,2012,51470.69
DNK,2013,51970.39
DNK,2014,52368.36
DNK,2015,53094.01
DNK,2016,54300.2
DNK,2017,55601.01
DNK,2018,56355.07
DNK,2019,57114.62
DNK,2020,55934.56
EGY,1999,2361.86
EGY,2000,2458.61
EGY,2001,2492.03
EGY,2002,2498.48
EGY,2003,2524.8
EGY,2004,2574.42
EGY,2005,2635.7
EGY,2006,2761.62
EGY,2007,2902.07
EGY,2008,3052.21
EGY,2009,3135.1
EGY,2010,3233.85
EGY,2011,3222.38
EGY,2012,3220.99
EGY,2013,3216.38
EGY,2014,3235.66
EGY,2015,3306.98
EGY,2016,3381.22
EGY,2017,3452.91
EGY,2018,3568.64
EGY,2019,3701.24
EGY,2020,3770.87
EST,1999,9133.9
EST,2000,10006.77
EST,2001,10662.95
EST,2002,11474.66
EST,2003,12424.04
EST,2004,13348.53
EST,2005,14703.62
EST,2006,16234.52
EST,2007,17543.47
EST,2008,16689.0
EST,2009,14274.85
EST,2010,14657.94
EST,2011,15820.92
EST,2012,16460.68
EST,2013,16809.53
EST,2014,17413.69
EST,2015,17722.16
EST,2016,18264.99
EST,2017,19270.81
EST,2018,19914.35
EST,2019,20579.88
EST,2020,19946.95
FIN,1999,35886.49
FIN,2000,37872.6
FIN,2001,38784.13
FIN,2002,39343.07
FIN,2003,40038.98
FIN,2004,41521.96
FIN,2005,42529.35
FIN,2006,44069.4
FIN,2007,46213.69
FIN,2008,46359.87
FIN,2009,42412.51
FIN,2010,43556.54
FIN,2011,44391.45
FIN,2012,43507.93
FIN,2013,42883.64
FIN,2014,42502.49
FIN,2015,42560.35
FIN,2016,43529.68
FIN,2017,44862.22
FIN,2018,45337.24
FIN,2019,45898.57
FIN,2020,44690.98
FRA,1999,32152.72
FRA,2000,33255.14
FRA,2001,33640.67
FRA,2002,33753.58
FRA,2003,33840.62
FRA,2004,34557.15
FRA,2005,34946.04
FRA,2006,35645.42
FRA,2007,36322.17
FRA,2008,36257.37
FRA,2009,35052.85
FRA,2010,35578.2
FRA,2011,36269.96
FRA,2012,36161.29
FRA,2013,36256.09
FRA,2014,36444.39
FRA,2015,36702.43
FRA,2016,36920.53
FRA,2017,37580.6
FRA,2018,38062.44
FRA,2019,38705.21
FRA,2020,35709.2
DEU,1999,34152.0
DEU,2000,35087.09
DEU,2001,35601.36
DEU,2002,35460.41
DEU,2003,35252.97
DEU,2004,35670.49
DEU,2005,36006.86
DEU,2006,37437.39
DEU,2007,38570.91
DEU,2008,38996.14
DEU,2009,36927.19
DEU,2010,38517.44
DEU,2011,40712.66
DEU,2012,40829.03
DEU,2013,40875.03
DEU,2014,41588.08
DEU,2015,41911.01
DEU,2016,42528.06
DEU,2017,43520.19
DEU,2018,43874.01
DEU,2019,44207.63
DEU,2020,42362.65
GRC,1999,17358.43
GRC,2000,18002.91
GRC,2001,18742.42
GRC,2002,19548.37
GRC,2003,20632.26
GRC,2004,21688.11
GRC,2005,21880.53
GRC,2006,23220.53
GRC,2007,23973.69
GRC,2008,23923.88
GRC,2009,22878.13
GRC,2010,21547.72
GRC,2011,19448.26
GRC,2012,17924.66
GRC,2013,17644.88
GRC,2014,17903.53
GRC,2015,17980.73
GRC,2016,18049.93
GRC,2017,18352.09
GRC,2018,18769.04
GRC,2019,19216.68
GRC,2020,17486.95
HKG,1999,25237.69
HKG,2000,26933.26
HKG,2001,26885.46
HKG,2002,27210.11
HKG,2003,28097.14
HKG,2004,30304.33
HKG,2005,32401.4
HKG,2006,34458.05
HKG,2007,36371.7
HKG,2008,36924.1
HKG,2009,35938.61
HKG,2010,38090.03
HKG,2011,39656.34
HKG,2012,39887.83
HKG,2013,40959.98
HKG,2014,41796.87
HKG,2015,42432.16
HKG,2016,43087.55
HKG,2017,44380.81
HKG,2018,45280.51
HKG,2019,44195.3
HKG,2020,41451.33
HUN,1999,8578.2
HUN,2000,8979.74
HUN,2001,9365.95
HUN,2002,9836.94
HUN,2003,10253.72
HUN,2004,10786.49
HUN,2005,11272.73
HUN,2006,11734.45
HUN,2007,11791.71
HUN,2008,11929.72
HUN,2009,11142.89
HUN,2010,11287.37
HUN,2011,11536.36
HUN,2012,11440.76
HUN,2013,11729.57
HUN,2014,12287.38
HUN,2015,12782.94
HUN,2016,13145.66
HUN,2017,13734.24
HUN,2018,14533.78
HUN,2019,15290.81
HUN,2020,14664.3
ISL,1999,40725.89
ISL,2000,42174.67
ISL,2001,43288.08
ISL,2002,43143.46
ISL,2003,43763.78
ISL,2004,46766.02
ISL,2005,48850.77
ISL,2006,50731.69
ISL,2007,53646.37
ISL,2008,53821.47
ISL,2009,49527.4
ISL,2010,48193.7
ISL,2011,48933.55
ISL,2012,49191.57
ISL,2013,50946.82
ISL,2014,51233.24
ISL,2015,52951.68
ISL,2016,55513.64
ISL,2017,56501.46
ISL,2018,57697.8
ISL,2019,57493.42
ISL,2020,52641.72
IND,1999,742.54
IND,2000,756.7
IND,2001,778.51
IND,2002,793.62
IND,2003,841.28
IND,2004,892.6
IND,2005,947.73
IND,2006,1008.23
IND,2007,1069.25
IND,2008,1086.51
IND,2009,1155.1
IND,2010,1235.16
IND,2011,1281.61
IND,2012,1333.1
IND,2013,1399.45
IND,2014,1484.32
IND,2015,1584.0
IND,2016,1694.47
IND,2017,1788.7
IND,2018,1883.36
IND,2019,1936.03
IND,2020,1806.5
IDN,1999,1767.51
IDN,2000,1828.1
IDN,2001,1868.59
IDN,2002,1926.37
IDN,2003,1991.92
IDN,2004,2065.71
IDN,2005,2155.45
IDN,2006,2244.08
IDN,2007,2355.15
IDN,2008,2464.6
IDN,2009,2546.22
IDN,2010,2670.81
IDN,2011,2799.62
IDN,2012,2930.52
IDN,2013,3055.24
IDN,2014,3170.72
IDN,2015,3288.22
IDN,2016,3416.81
IDN,2017,3553.52
IDN,2018,3701.32
IDN,2019,3850.9
IDN,2020,3739.45
IRL,1999,39501.38
IRL,2000,42643.63
IRL,2001,44196.92
IRL,2002,46022.14
IRL,2003,46643.16
IRL,2004,48906.96
IRL,2005,50599.6
IRL,2006,51710.36
IRL,2007,52904.47
IRL,2008,49512.43
IRL,2009,46514.54
IRL,2010,47040.35
IRL,2011,47607.89
IRL,2012,47217.44
IRL,2013,47999.12
IRL,2014,52098.1
IRL,2015,64311.82
IRL,2016,64267.57
IRL,2017,69777.98
IRL,2018,73960.96
IRL,2019,76464.54
IRL,2020,80908.79
ISR,1999,27814.03
ISR,2000,29413.49
ISR,2001,28808.13
ISR,2002,28195.87
ISR,2003,28092.62
ISR,2004,28883.25
ISR,2005,29623.72
ISR,2006,30734.96
ISR,2007,32103.16
ISR,2008,32554.04
ISR,2009,32178.57
ISR,2010,33344.72
ISR,2011,34540.67
ISR,2012,34738.66
ISR,2013,35489.51
ISR,2014,36129.31
ISR,2015,36213.1
ISR,2016,37093.79
ISR,2017,37963.05
ISR,2018,38729.64
ISR,2019,39407.2
ISR,2020,37935.54
ITA,1999,31405.26
ITA,2000,32609.67
ITA,2001,33243.6
ITA,2002,33267.45
ITA,2003,33110.17
ITA,2004,33348.97
ITA,2005,33407.68
ITA,2006,33873.05
ITA,2007,34159.91
ITA,2008,33550.63
ITA,2009,31587.06
ITA,2010,31928.55
ITA,2011,32039.5
ITA,2012,30953.41
ITA,2013,30330.02
ITA,2014,30325.03
ITA,2015,30639.88
ITA,2016,31077.68
ITA,2017,31635.52
ITA,2018,31819.4
ITA,2019,32180.43
ITA,2020,29469.8
JPN,1999,30636.27
JPN,2000,31430.63
JPN,2001,31476.05
JPN,2002,31416.12
JPN,2003,31830.22
JPN,2004,32515.12
JPN,2005,33098.55
JPN,2006,33531.52
JPN,2007,33990.04
JPN,2008,33557.65
JPN,2009,31651.08
JPN,2010,32942.2
JPN,2011,33011.13
JPN,2012,33518.44
JPN,2013,34239.89
JPN,2014,34386.91
JPN,2015,34960.64
JPN,2016,35242.2
JPN,2017,35861.97
JPN,2018,36138.53
JPN,2019,36043.78
JPN,2020,34642.97
JOR,1999,3341.66
JOR,2000,3412.08
JOR,2001,3518.77
JOR,2002,3644.62
JOR,2003,3713.15
JOR,2004,3935.16
JOR,2005,4151.61
JOR,2006,4209.87
JOR,2007,4287.35
JOR,2008,4489.96
JOR,2009,4615.23
JOR,2010,4621.57
JOR,2011,4631.68
JOR,2012,4677.48
JOR,2013,4556.52
JOR,2014,4282.12
JOR,2015,4042.76
JOR,2016,3933.15
JOR,2017,3940.7
JOR,2018,3928.77
JOR,2019,3919.06
JOR,2020,3806.88
KAZ,1999,3899.66
KAZ,2000,4269.33
KAZ,2001,4822.53
KAZ,2002,5267.7
KAZ,2003,5724.43
KAZ,2004,6233.29
KAZ,2005,6787.41
KAZ,2006,7450.4
KAZ,2007,8036.88
KAZ,2008,8216.52
KAZ,2009,8218.4
KAZ,2010,8704.71
KAZ,2011,9223.3
KAZ,2012,9531.91
KAZ,2013,9959.73
KAZ,2014,10226.71
KAZ,2015,10196.12
KAZ,2016,10151.42
KAZ,2017,10404.27
KAZ,2018,10670.21
KAZ,2019,10989.68
KAZ,2020,10565.04
KOR,1999,15714.41
KOR,2000,16995.56
KOR,2001,17684.05
KOR,2002,18940.38
KOR,2003,19435.49
KOR,2004,20364.76
KOR,2005,21197.2
KOR,2006,22196.21
KOR,2007,23365.14
KOR,2008,23887.06
KOR,2009,23952.81
KOR,2010,25455.62
KOR,2011,26191.64
KOR,2012,26680.28
KOR,2013,27399.62
KOR,2014,28100.01
KOR,2015,28737.44
KOR,2016,29467.12
KOR,2017,30312.89
KOR,2018,31059.27
KOR,2019,31645.95
KOR,2020,31378.16
LAO,1999,881.63
LAO,2000,917.23
LAO,2001,954.12
LAO,2002,994.49
LAO,2003,1038.71
LAO,2004,1088.76
LAO,2005,1148.68
LAO,2006,1228.09
LAO,2007,1301.09
LAO,2008,1381.74
LAO,2009,1463.34
LAO,2010,1564.91
LAO,2011,1666.4
LAO,2012,1774.64
LAO,2013,1890.28
LAO,2014,2006.31
LAO,2015,2121.01
LAO,2016,2234.76
LAO,2017,2351.57
LAO,2018,2459.98
LAO,2019,2554.96
LAO,2020,2529.75
LVA,1999,5929.27
LVA,2000,6336.38
LVA,2001,6833.44
LVA,2002,7443.23
LVA,2003,8149.0
LVA,2004,8957.23
LVA,2005,10106.26
LVA,2006,11507.46
LVA,2007,12810.04
LVA,2008,12506.69
LVA,2009,10675.43
LVA,2010,10500.87
LVA,2011,11018.52
LVA,2012,11971.01
LVA,2013,12353.54
LVA,2014,12731.68
LVA,2015,13321.98
LVA,2016,13787.34
LVA,2017,14382.86
LVA,2018,15120.07
LVA,2019,15328.39
LVA,2020,14900.73
LTU,1999,6130.0
LTU,2000,6384.31
LTU,2001,6854.53
LTU,2002,7374.1
LTU,2003,8218.69
LTU,2004,8851.93
LTU,2005,9692.87
LTU,2006,10577.21
LTU,2007,11889.35
LTU,2008,12324.52
LTU,2009,10612.92
LTU,2010,10884.12
LTU,2011,11836.72
LTU,2012,12516.62
LTU,2013,13145.81
LTU,2014,13753.19
LTU,2015,14269.8
LTU,2016,14823.11
LTU,2017,15696.0
LTU,2018,16604.9
LTU,2019,17431.72
LTU,2020,17443.66
LUX,1999,87695.34
LUX,2000,92527.71
LUX,2001,94243.71
LUX,2002,96269.58
LUX,2003,97598.0
LUX,2004,100292.57
LUX,2005,101222.04
LUX,2006,105614.18
LUX,2007,112417.88
LUX,2008,110094.79
LUX,2009,104574.35
LUX,2010,106544.06
LUX,2011,105290.25
LUX,2012,104487.74
LUX,2013,105338.96
LUX,2014,105583.94
LUX,2015,105462.01
LUX,2016,108351.45
LUX,2017,107142.13
LUX,2018,106788.73
LUX,2019,107591.97
LUX,2020,105274.25
MYS,1999,6070.96
MYS,2000,6455.61
MYS,2001,6334.93
MYS,2002,6516.91
MYS,2003,6732.92
MYS,2004,7025.35
MYS,2005,7234.02
MYS,2006,7469.81
MYS,2007,7769.6
MYS,2008,7976.12
MYS,2009,7700.46
MYS,2010,8118.92
MYS,2011,8400.32
MYS,2012,8710.53
MYS,2013,8964.81
MYS,2014,9341.73
MYS,2015,9648.68
MYS,2016,9901.48
MYS,2017,10293.76
MYS,2018,10610.2
MYS,2019,10902.98
MYS,2020,10171.47
MLT,1999,14446.28
MLT,2000,17178.29
MLT,2001,16920.73
MLT,2002,17255.43
MLT,2003,17775.59
MLT,2004,17728.49
MLT,2005,18123.3
MLT,2006,18479.23
MLT,2007,19342.39
MLT,2008,20064.44
MLT,2009,19635.88
MLT,2010,20750.61
MLT,2011,20867.84
MLT,2012,21529.49
MLT,2013,22626.47
MLT,2014,23865.98
MLT,2015,25529.68
MLT,2016,25969.44
MLT,2017,28546.78
MLT,2018,29536.9
MLT,2019,29522.65
MLT,2020,27890.37
MEX,1999,9264.98
MEX,2000,9581.97
MEX,2001,9398.35
MEX,2002,9242.28
MEX,2003,9222.0
MEX,2004,9421.29
MEX,2005,9491.52
MEX,2006,9813.83
MEX,2007,9877.7
MEX,2008,9826.34
MEX,2009,9074.12
MEX,2010,9389.07
MEX,2011,9575.93
MEX,2012,9782.52
MEX,2013,9738.71
MEX,2014,9862.48
MEX,2015,10021.24
MEX,2016,10100.5
MEX,2017,10193.77
MEX,2018,10296.87
MEX,2019,10159.44
MEX,2020,9234.64
MAR,1999,1935.48
MAR,2000,1957.14
MAR,2001,2078.97
MAR,2002,2127.51
MAR,2003,2229.58
MAR,2004,2301.08
MAR,2005,2342.15
MAR,2006,2489.99
MAR,2007,2540.62
MAR,2008,2648.59
MAR,2009,2710.67
MAR,2010,2767.04
MAR,2011,2879.54
MAR,2012,2927.45
MAR,2013,3008.19
MAR,2014,3051.46
MAR,2015,3146.25
MAR,2016,3124.43
MAR,2017,3242.64
MAR,2018,3304.71
MAR,2019,3364.74
MAR,2020,3090.89
MMR,1999,265.46
MMR,2000,298.59
MMR,2001,328.97
MMR,2002,364.86
MMR,2003,411.5
MMR,2004,463.33
MMR,2005,522.1
MMR,2006,586.09
MMR,2007,651.73
MMR,2008,714.62
MMR,2009,785.63
MMR,2010,854.93
MMR,2011,895.51
MMR,2012,953.12
MMR,2013,1024.69
MMR,2014,1099.24
MMR,2015,1166.73
MMR,2016,1225.38
MMR,2017,1290.56
MMR,2018,1361.57
MMR,2019,1440.99
MMR,2020,1301.31
NLD,1999,39298.73
NLD,2000,40665.34
NLD,2001,41297.32
NLD,2002,41135.42
NLD,2003,40981.85
NLD,2004,41663.15
NLD,2005,42411.35
NLD,2006,43841.12
NLD,2007,45445.52
NLD,2008,46227.21
NLD,2009,44304.41
NLD,2010,44659.27
NLD,2011,45239.73
NLD,2012,44631.87
NLD,2013,44487.03
NLD,2014,45042.07
NLD,2015,45793.81
NLD,2016,46655.04
NLD,2017,47670.11
NLD,2018,48463.03
NLD,2019,49254.02
NLD,2020,47086.58
NZL,1999,30169.74
NZL,2000,30853.81
NZL,2001,31718.76
NZL,2002,32641.82
NZL,2003,33517.09
NZL,2004,34372.59
NZL,2005,35126.33
NZL,2006,35665.35
NZL,2007,36414.32
NZL,2008,35739.36
NZL,2009,35370.59
NZL,2010,35489.76
NZL,2011,35957.52
NZL,2012,36607.15
NZL,2013,37267.66
NZL,2014,38056.26
NZL,2015,38665.37
NZL,2016,39235.37
NZL,2017,39722.61
NZL,2018,40371.55
NZL,2019,40655.08
NZL,2020,39646.35
NGA,1999,1390.47
NGA,2000,1421.68
NGA,2001,1465.46
NGA,2002,1644.4
NGA,2003,1717.21
NGA,2004,1824.8
NGA,2005,1889.25
NGA,2006,1949.16
NGA,2007,2020.83
NGA,2008,2098.28
NGA,2009,2204.61
NGA,2010,2315.47
NGA,2011,2370.98
NGA,2012,2403.65
NGA,2013,2495.34
NGA,2014,2583.62
NGA,2015,2585.73
NGA,2016,2481.81
NGA,2017,2441.71
NGA,2018,2431.78
NGA,2019,2431.54
NGA,2020,2337.58
NOR,1999,66094.74
NOR,2000,67846.6
NOR,2001,68899.53
NOR,2002,69472.98
NOR,2003,69719.31
NOR,2004,72090.99
NOR,2005,73524.25
NOR,2006,74729.74
NOR,2007,76115.71
NOR,2008,75535.21
NOR,2009,73141.31
NOR,2010,72804.4
NOR,2011,72660.68
NOR,2012,73661.68
NOR,2013,73515.91
NOR,2014,74180.32
NOR,2015,74809.97
NOR,2016,75017.49
NOR,2017,76247.41
NOR,2018,76373.65
NOR,2019,76712.29
NOR,2020,75287.21
PAK,1999,1035.5
PAK,2000,1049.54
PAK,2001,1057.87
PAK,2002,1059.04
PAK,2003,1090.28
PAK,2004,1147.0
PAK,2005,1201.23
PAK,2006,1243.94
PAK,2007,1265.36
PAK,2008,1258.05
PAK,2009,1269.07
PAK,2010,1256.69
PAK,2011,1261.83
PAK,2012,1275.49
PAK,2013,1309.7
PAK,2014,1343.31
PAK,2015,1380.47
PAK,2016,1452.19
PAK,2017,1495.26
PAK,2018,1561.68
PAK,2019,1573.83
PAK,2020,1526.01
PER,1999,3250.38
PER,2000,3286.27
PER,2001,3261.66
PER,2002,3398.75
PER,2003,3502.79
PER,2004,3640.6
PER,2005,3835.13
PER,2006,4091.36
PER,2007,4407.79
PER,2008,4778.53
PER,2009,4801.17
PER,2010,5167.39
PER,2011,5453.46
PER,2012,5740.04
PER,2013,6021.46
PER,2014,6103.92
PER,2015,6231.71
PER,2016,6392.25
PER,2017,6457.42
PER,2018,6593.14
PER,2019,6626.26
PER,2020,5831.83
PHL,1999,1759.42
PHL,2000,1793.35
PHL,2001,1807.71
PHL,2002,1837.25
PHL,2003,1892.82
PHL,2004,1978.34
PHL,2005,2037.88
PHL,2006,2110.42
PHL,2007,2209.35
PHL,2008,2264.95
PHL,2009,2256.73
PHL,2010,2373.14
PHL,2011,2416.75
PHL,2012,2533.74
PHL,2013,2654.42
PHL,2014,2776.92
PHL,2015,2909.86
PHL,2016,3076.34
PHL,2017,3247.45
PHL,2018,3410.94
PHL,2019,3575.88
PHL,2020,3198.67
POL,1999,6998.79
POL,2000,7401.58
POL,2001,7494.96
POL,2002,7640.99
POL,2003,7915.55
POL,2004,8323.39
POL,2005,8598.58
POL,2006,9137.66
POL,2007,9760.7
POL,2008,10187.2
POL,2009,10446.53
POL,2010,10808.4
POL,2011,11370.31
POL,2012,11542.24
POL,2013,11628.23
POL,2014,12093.16
POL,2015,12637.52
POL,2016,13026.19
POL,2017,13695.65
POL,2018,14551.09
POL,2019,15221.31
POL,2020,15090.22
PRT,1999,18258.09
PRT,2000,18822.09
PRT,2001,19053.09
PRT,2002,19095.11
PRT,2003,18846.54
PRT,2004,19137.84
PRT,2005,19251.71
PRT,2006,19529.31
PRT,2007,19979.57
PRT,2008,20014.47
PRT,2009,19371.13
PRT,2010,19698.68
PRT,2011,19389.64
PRT,2012,18679.76
PRT,2013,18597.72
PRT,2014,18836.9
PRT,2015,19215.78
PRT,2016,19662.82
PRT,2017,20364.2
PRT,2018,20997.77
PRT,2019,21569.19
PRT,2020,19778.71
RUS,1999,4819.38
RUS,2000,5323.67
RUS,2001,5618.96
RUS,2002,5910.17
RUS,2003,6370.45
RUS,2004,6856.68
RUS,2005,7323.39
RUS,2006,7949.9
RUS,2007,8640.41
RUS,2008,9093.7
RUS,2009,8381.87
RUS,2010,8755.12
RUS,2011,9120.82
RUS,2012,9464.01
RUS,2013,9601.54
RUS,2014,9493.81
RUS,2015,9277.71
RUS,2016,9269.32
RUS,2017,9418.91
RUS,2018,9674.79
RUS,2019,9882.02
RUS,2020,9632.33
SAU,1999,22214.43
SAU,2000,22247.86
SAU,2001,21193.09
SAU,2002,20025.43
SAU,2003,20765.94
SAU,2004,21545.89
SAU,2005,21838.19
SAU,2006,21616.34
SAU,2007,21196.79
SAU,2008,21629.84
SAU,2009,20577.55
SAU,2010,21830.14
SAU,2011,23314.57
SAU,2012,23643.03
SAU,2013,23057.36
SAU,2014,23404.73
SAU,2015,23256.15
SAU,2016,22783.04
SAU,2017,23035.12
SAU,2018,24393.52
SAU,2019,24905.66
SAU,2020,22827.67
SEN,1999,1033.76
SEN,2000,1048.37
SEN,2001,1067.37
SEN,2002,1042.26
SEN,2003,1074.39
SEN,2004,1098.2
SEN,2005,1119.05
SEN,2006,1118.78
SEN,2007,1124.0
SEN,2008,1138.67
SEN,2009,1142.65
SEN,2010,1153.53
SEN,2011,1139.74
SEN,2012,1154.06
SEN,2013,1147.39
SEN,2014,1180.8
SEN,2015,1218.01
SEN,2016,1257.41
SEN,2017,1312.11
SEN,2018,1355.1
SEN,2019,1379.61
SEN,2020,1361.79
SGP,1999,32557.05
SGP,2000,34890.08
SGP,2001,33597.87
SGP,2002,34598.83
SGP,2003,36709.8
SGP,2004,39856.64
SGP,2005,41798.49
SGP,2006,44159.41
SGP,2007,46178.81
SGP,2008,44601.58
SGP,2009,43331.87
SGP,2010,48752.05
SGP,2011,50713.53
SGP,2012,51679.35
SGP,2013,53298.97
SGP,2014,54681.93
SGP,2015,55645.61
SGP,2016,56986.79
SGP,2017,59485.3
SGP,2018,61250.35
SGP,2019,61345.53
SGP,2020,59189.7
SVK,1999,8914.68
SVK,2000,8997.21
SVK,2001,9277.36
SVK,2002,9690.68
SVK,2003,10168.02
SVK,2004,10718.21
SVK,2005,11412.16
SVK,2006,12430.2
SVK,2007,13770.96
SVK,2008,14497.11
SVK,2009,13680.75
SVK,2010,14596.15
SVK,2011,14950.87
SVK,2012,15159.66
SVK,2013,15249.88
SVK,2014,15647.65
SVK,2015,16442.08
SVK,2016,16740.74
SVK,2017,17195.29
SVK,2018,17869.01
SVK,2019,18250.98
SVK,2020,17763.86
SVN,1999,15646.69
SVN,2000,16146.12
SVN,2001,16576.72
SVN,2002,17099.66
SVN,2003,17635.36
SVN,2004,18425.26
SVN,2005,19102.28
SVN,2006,20166.53
SVN,2007,21485.78
SVN,2008,22175.24
SVN,2009,20307.62
SVN,2010,20444.12
SVN,2011,20535.42
SVN,2012,19894.87
SVN,2013,19704.22
SVN,2014,20228.71
SVN,2015,20697.27
SVN,2016,21309.71
SVN,2017,22397.76
SVN,2018,23293.97
SVN,2019,23943.18
SVN,2020,22811.81
ZAF,1999,4552.85
ZAF,2000,4700.88
ZAF,2001,4786.48
ZAF,2002,4916.81
ZAF,2003,5011.62
ZAF,2004,5187.36
ZAF,2005,5406.08
ZAF,2006,5650.99
ZAF,2007,5891.42
ZAF,2008,6009.72
ZAF,2009,5847.06
ZAF,2010,5953.95
ZAF,2011,6067.12
ZAF,2012,6121.56
ZAF,2013,6170.88
ZAF,2014,6155.01
ZAF,2015,6112.27
ZAF,2016,6095.3
ZAF,2017,6125.69
ZAF,2018,6117.27
ZAF,2019,6032.83
ZAF,2020,5569.58
ESP,1999,23017.84
ESP,2000,24106.88
ESP,2001,24878.38
ESP,2002,25205.32
ESP,2003,25481.17
ESP,2004,25825.31
ESP,2005,26294.45
ESP,2006,26899.09
ESP,2007,27338.8
ESP,2008,27112.53
ESP,2009,25860.81
ESP,2010,25766.25
ESP,2011,25510.56
ESP,2012,24763.57
ESP,2013,24498.56
ESP,2014,24947.85
ESP,2015,25982.44
ESP,2016,26719.24
ESP,2017,27426.28
ESP,2018,27956.72
ESP,2019,28301.44
ESP,2020,25077.02
SWE,1999,39785.38
SWE,2000,41561.1
SWE,2001,42013.7
SWE,2002,42831.02
SWE,2003,43474.58
SWE,2004,45113.83
SWE,2005,46188.84
SWE,2006,48077.44
SWE,2007,49261.24
SWE,2008,48427.76
SWE,2009,45973.55
SWE,2010,48204.66
SWE,2011,49355.69
SWE,2012,48788.87
SWE,2013,48927.6
SWE,2014,49556.7
SWE,2015,51197.95
SWE,2016,51746.7
SWE,2017,51985.93
SWE,2018,52363.38
SWE,2019,53156.86
SWE,2020,51715.78
CHE,1999,71341.34
CHE,2000,73749.94
CHE,2001,74439.46
CHE,2002,73824.38
CHE,2003,73254.95
CHE,2004,74718.68
CHE,2005,76282.98
CHE,2006,78893.81
CHE,2007,81254.17
CHE,2008,82481.07
CHE,2009,79585.52
CHE,2010,81315.42
CHE,2011,81874.34
CHE,2012,81964.89
CHE,2013,82479.92
CHE,2014,83394.37
CHE,2015,83806.45
CHE,2016,84611.1
CHE,2017,84967.59
CHE,2018,86756.6
CHE,2019,87123.66
CHE,2020,84637.01
THA,1999,3403.09
THA,2000,3514.72
THA,2001,3599.03
THA,2002,3783.75
THA,2003,4018.16
THA,2004,4232.77
THA,2005,4372.26
THA,2006,4551.53
THA,2007,4760.67
THA,2008,4805.76
THA,2009,4737.46
THA,2010,5059.36
THA,2011,5070.24
THA,2012,5403.88
THA,2013,5516.61
THA,2014,5541.47
THA,2015,5688.85
THA,2016,5857.78
THA,2017,6076.74
THA,2018,6314.2
THA,2019,6434.54
THA,2020,6035.19
TUN,1999,2766.57
TUN,2000,2864.55
TUN,2001,2941.74
TUN,2002,2950.21
TUN,2003,3058.23
TUN,2004,3218.73
TUN,2005,3301.94
TUN,2006,3444.56
TUN,2007,3642.12
TUN,2008,3760.12
TUN,2009,3835.26
TUN,2010,3906.91
TUN,2011,3784.75
TUN,2012,3900.05
TUN,2013,3947.59
TUN,2014,4021.6
TUN,2015,4014.95
TUN,2016,4015.3
TUN,2017,4062.23
TUN,2018,4128.1
TUN,2019,4154.96
TUN,2020,3749.27
TUR,1999,5991.37
TUR,2000,6325.1
TUR,2001,5887.69
TUR,2002,6192.19
TUR,2003,6473.46
TUR,2004,7028.76
TUR,2005,7579.37
TUR,2006,8023.15
TUR,2007,8414.25
TUR,2008,8376.15
TUR,2009,7862.87
TUR,2010,8396.92
TUR,2011,9201.34
TUR,2012,9519.82
TUR,2013,10195.85
TUR,2014,10556.12
TUR,2015,11050.0
TUR,2016,11264.61
TUR,2017,11953.67
TUR,2018,12148.29
TUR,2019,12073.87
TUR,2020,12179.66
UKR,1999,1319.53
UKR,2000,1409.22
UKR,2001,1547.28
UKR,2002,1644.28
UKR,2003,1814.26
UKR,2004,2042.44
UKR,2005,2122.6
UKR,2006,2298.13
UKR,2007,2498.35
UKR,2008,2567.69
UKR,2009,2188.17
UKR,2010,2285.93
UKR,2011,2418.12
UKR,2012,2426.93
UKR,2013,2432.42
UKR,2014,2308.64
UKR,2015,2094.47
UKR,2016,2156.08
UKR,2017,2217.75
UKR,2018,2308.67
UKR,2019,2398.08
UKR,2020,2324.11
GBR,1999,37435.88
GBR,2000,38921.9
GBR,2001,39769.87
GBR,2002,40312.98
GBR,2003,41390.61
GBR,2004,42167.36
GBR,2005,43023.23
GBR,2006,43724.9
GBR,2007,44524.57
GBR,2008,44065.62
GBR,2009,41712.83
GBR,2010,42311.43
GBR,2011,42459.96
GBR,2012,42794.78
GBR,2013,43274.34
GBR,2014,44324.39
GBR,2015,44983.89
GBR,2016,45485.65
GBR,2017,46439.86
GBR,2018,46862.97
GBR,2019,47379.8
GBR,2020,42429.19
USA,1999,47234.25
USA,2000,48616.25
USA,2001,48597.42
USA,2002,48967.37
USA,2003,49905.52
USA,2004,51348.35
USA,2005,52649.57
USA,2006,53596.32
USA,2007,54152.83
USA,2008,53703.96
USA,2009,51863.62
USA,2010,52812.68
USA,2011,53215.54
USA,2012,54000.84
USA,2013,54728.86
USA,2014,55665.24
USA,2015,56849.47
USA,2016,57430.85
USA,2017,58435.97
USA,2018,59817.66
USA,2019,61047.96
USA,2020,59484.03
VNM,1999,1148.04
VNM,2000,1212.2
VNM,2001,1273.81
VNM,2002,1340.52
VNM,2003,1418.74
VNM,2004,1510.94
VNM,2005,1609.96
VNM,2006,1699.68
VNM,2007,1788.95
VNM,2008,1856.01
VNM,2009,1927.13
VNM,2010,2027.58
VNM,2011,2132.9
VNM,2012,2224.11
VNM,2013,2320.08
VNM,2014,2439.29
VNM,2015,2577.57
VNM,2016,2715.58
VNM,2017,2868.14
VNM,2018,3048.28
VNM,2019,3241.08
VNM,2020,3303.17
