iso_o,TIME_PERIOD,schooling
ARG,2000,15.68756962
ARG,2001,16.30578041
ARG,2002,16.39250946
ARG,2003,16.26638985
ARG,2004,16.29898071
ARG,2005,16.01845932
ARG,2006,16.17373085
ARG,2007,16.18906021
ARG,2008,16.38180923
ARG,2009,16.7100296
ARG,2010,17.02877998
ARG,2011,17.26371956
ARG,2012,17.23535919
ARG,2013,17.2339592
ARG,2014,17.42231941
ARG,2015,17.58465958
ARG,2016,17.85773087
ARG,2017,17.84296989
ARG,2018,17.85782051
ARG,2019,18.08637047
ARG,2020,18.36116028
AUS,2000,20.77985446
AUS,2001,20.9443762
AUS,2002,21.10889795
AUS,2003,21.2734197
AUS,2004,21.43794145
AUS,2005,21.60246319
AUS,2006,21.76698494
AUS,2007,21.93150669
AUS,2008,22.09602843
AUS,2009,22.26055018
AUS,2010,22.42507193
AUS,2011,22.58959368
AUS,2012,22.75411542
AUS,2013,22.91863717
AUS,2014,23.08315892
AUS,2015,23.24768066
AUS,2016,22.85634995
AUS,2017,21.95104027
AUS,2018,20.42849922
AUS,2019,21.37561989
AUS,2020,20.93943977
AUT,2000,15.23290888
AUT,2001,15.30792332
AUT,2002,15.38293775
AUT,2003,15.45795218
AUT,2004,15.53296661
AUT,2005,15.60798105
AUT,2006,15.68299548
AUT,2007,15.75800991
AUT,2008,15.86114979
AUT,2009,15.86686993
AUT,2010,16.12933922
AUT,2011,16.17313004
AUT,2012,16.30450058
AUT,2013,16.03704071
AUT,2014,16.02224922
AUT,2015,16.03313065
AUT,2016,15.89675999
AUT,2017,15.94421005
AUT,2018,16.02190971
AUT,2019,16.07625008
AUT,2020,16.12446976
BEL,2000,17.77131081
BEL,2001,18.30985069
BEL,2002,18.48284912
BEL,2003,18.70292091
BEL,2004,18.48070908
BEL,2005,18.83530998
BEL,2006,19.05407906
BEL,2007,19.09911919
BEL,2008,19.13726044
BEL,2009,19.16604042
BEL,2010,19.21767998
BEL,2011,19.04887962
BEL,2012,19.16010094
BEL,2013,19.35095978
BEL,2014,19.70776939
BEL,2015,19.79195976
BEL,2016,19.65690994
BEL,2017,19.76102066
BEL,2018,19.56148911
BEL,2019,19.56838989
BEL,2020,19.27527046
BGD,2000,7.566326777
BGD,2001,7.768949445
BGD,2002,7.971572113
BGD,2003,8.174194781
BGD,2004,8.376817449
BGD,2005,8.579440117
BGD,2006,8.65802002
BGD,2007,8.669939995
BGD,2008,8.411370277
BGD,2009,8.948829651
BGD,2010,9.298855373
BGD,2011,9.648881095
BGD,2012,9.998906817
BGD,2013,10.34893254
BGD,2014,10.69895826
BGD,2015,11.04898398
BGD,2016,11.3990097
BGD,2017,10.9198904
BGD,2018,11.39918995
BGD,2019,11.67276001
BGD,2020,11.94633007
BGR,2000,12.80523014
BGR,2001,12.79557037
BGR,2002,13.19983006
BGR,2003,13.66489029
BGR,2004,13.87141991
BGR,2005,14.02011013
BGR,2006,14.08423996
BGR,2007,14.25047016
BGR,2008,14.18344975
BGR,2009,14.2339201
BGR,2010,14.48367023
BGR,2011,14.58668041
BGR,2012,14.56939983
BGR,2013,15.06062984
BGR,2014,15.49750042
BGR,2015,15.60958004
BGR,2016,15.56826019
BGR,2017,15.59177971
BGR,2018,15.6224699
BGR,2019,15.59498978
BGR,2020,15.61781979
BLR,2000,13.24389331
BLR,2001,13.62064505
BLR,2002,13.99739679
BLR,2003,14.37414853
BLR,2004,14.75090027
BLR,2005,14.89752007
BLR,2006,15.05309963
BLR,2007,15.19005013
BLR,2008,15.4284296
BLR,2009,15.51830006
BLR,2010,15.55224037
BLR,2011,15.69522953
BLR,2012,15.77573967
BLR,2013,15.57808018
BLR,2014,15.41368008
BLR,2015,15.26385021
BLR,2016,15.18873024
BLR,2017,15.00545025
BLR,2018,14.67171001
BLR,2019,14.40011024
BLR,2020,14.26484013
BRA,2000,14.59323334
BRA,2001,14.64400393
BRA,2002,14.69495116
BRA,2003,14.74607564
BRA,2004,14.79737798
BRA,2005,14.8488588
BRA,2006,14.90051873
BRA,2007,14.95235838
BRA,2008,15.00437839
BRA,2009,15.05657938
BRA,2010,15.10896198
BRA,2011,15.16152681
BRA,2012,15.21427453
BRA,2013,15.24518967
BRA,2014,15.36814022
BRA,2015,15.24540043
BRA,2016,15.29432011
BRA,2017,15.40701962
BRA,2018,15.50376034
BRA,2019,15.44937038
BRA,2020,15.44596004
BRN,2000,11.53234005
BRN,2001,11.63160038
BRN,2002,11.85077953
BRN,2003,12.22157955
BRN,2004,12.60894012
BRN,2005,12.88778973
BRN,2006,13.25531006
BRN,2007,13.42671967
BRN,2008,13.53855038
BRN,2009,13.80313015
BRN,2010,13.87399006
BRN,2011,14.1947403
BRN,2012,14.74849987
BRN,2013,14.74330044
BRN,2014,14.63543034
BRN,2015,14.33631992
BRN,2016,14.21236992
BRN,2017,14.06844997
BRN,2018,13.94052982
BRN,2019,13.76078033
BRN,2020,13.69861984
CAN,2000,15.75918961
CAN,2001,15.67950685
CAN,2002,15.59982409
CAN,2003,15.52014133
CAN,2004,15.44045857
CAN,2005,15.36077581
CAN,2006,15.28109305
CAN,2007,15.20141029
CAN,2008,15.2363596
CAN,2009,15.31015968
CAN,2010,15.17741013
CAN,2011,15.24262047
CAN,2012,15.72655964
CAN,2013,15.82699013
CAN,2014,15.87559986
CAN,2015,15.95269012
CAN,2016,15.93340015
CAN,2017,15.99886036
CAN,2018,15.93410969
CAN,2019,15.93334007
CAN,2020,15.94466972
CHE,2000,15.03796959
CHE,2001,15.06583977
CHE,2002,14.96234989
CHE,2003,15.10202026
CHE,2004,15.18083
CHE,2005,15.22286034
CHE,2006,15.31324959
CHE,2007,15.42905998
CHE,2008,15.48637962
CHE,2009,15.51601982
CHE,2010,15.6798296
CHE,2011,15.6731596
CHE,2012,15.82800961
CHE,2013,16.02375984
CHE,2014,16.08971977
CHE,2015,16.1556797
CHE,2016,16.1342907
CHE,2017,16.16839981
CHE,2018,16.25905037
CHE,2019,16.3445797
CHE,2020,16.43366051
CHL,2000,13.13626003
CHL,2001,13.33110523
CHL,2002,13.52595043
CHL,2003,13.74680042
CHL,2004,14.06828022
CHL,2005,14.38132
CHL,2006,14.31814957
CHL,2007,14.70213032
CHL,2008,14.85708046
CHL,2009,14.88204002
CHL,2010,15.09842968
CHL,2011,15.31116009
CHL,2012,15.41316986
CHL,2013,16.10619926
CHL,2014,16.26062965
CHL,2015,16.39200974
CHL,2016,16.49542999
CHL,2017,16.53348923
CHL,2018,16.60621071
CHL,2019,16.64357948
CHL,2020,16.34049988
CHN,2000,9.904560328
CHN,2001,10.16046047
CHN,2002,10.5064764
CHN,2003,10.85249233
CHN,2004,11.19850826
CHN,2005,11.54452419
CHN,2006,11.89054012
CHN,2007,12.20328999
CHN,2008,12.51947975
CHN,2009,12.85252953
CHN,2010,13.04319954
CHN,2011,13.15779018
CHN,2012,13.28357029
CHN,2013,13.5112315
CHN,2014,13.7427945
CHN,2015,13.97832615
CHN,2016,14.21789447
CHN,2017,14.46156865
CHN,2018,14.70941905
CHN,2019,14.96151725
CHN,2020,15.21793605
CIV,2000,6.487278112
CIV,2001,6.615596072
CIV,2002,6.743914032
CIV,2003,6.872231992
CIV,2004,7.000549952
CIV,2005,7.128867912
CIV,2006,7.257185872
CIV,2007,7.385503832
CIV,2008,7.513821793
CIV,2009,7.642139753
CIV,2010,7.770457713
CIV,2011,7.898775673
CIV,2012,8.027093633
CIV,2013,8.155411593
CIV,2014,8.283729553
CIV,2015,8.547829628
CIV,2016,9.07269001
CIV,2017,9.474160194
CIV,2018,9.697870255
CIV,2019,9.921580315
CIV,2020,10.10165024
CMR,2000,7.393889904
CMR,2001,8.67166996
CMR,2002,8.403800011
CMR,2003,8.556240082
CMR,2004,8.608369827
CMR,2005,8.567790031
CMR,2006,8.321900368
CMR,2007,9.09265995
CMR,2008,9.529709816
CMR,2009,10.00405025
CMR,2010,10.37228012
CMR,2011,10.74050999
CMR,2012,11.32874012
CMR,2013,11.63219023
CMR,2014,11.93564034
CMR,2015,12.20610046
CMR,2016,12.13076019
CMR,2017,11.84122219
CMR,2018,11.55168419
CMR,2019,11.26214619
CMR,2020,10.97260818
COL,2000,12.15445042
COL,2001,12.15618515
COL,2002,12.15791988
COL,2003,12.40696001
COL,2004,12.65600014
COL,2005,13.17887974
COL,2006,13.52441025
COL,2007,13.78964996
COL,2008,13.99300003
COL,2009,14.43908978
COL,2010,14.41386032
COL,2011,14.50032043
COL,2012,14.18010044
COL,2013,14.7003603
COL,2014,14.60217953
COL,2015,14.64527988
COL,2016,14.76609039
COL,2017,14.73616982
COL,2018,14.62864017
COL,2019,14.52388
COL,2020,14.27917004
CRI,2000,11.46004009
CRI,2001,11.61226511
CRI,2002,11.76449013
CRI,2003,11.91671515
CRI,2004,12.06894016
CRI,2005,12.34011868
CRI,2006,12.6112972
CRI,2007,12.88247572
CRI,2008,13.15365423
CRI,2009,13.42483275
CRI,2010,13.69601127
CRI,2011,13.96718979
CRI,2012,14.13411999
CRI,2013,14.33946991
CRI,2014,14.63490963
CRI,2015,14.69305038
CRI,2016,14.81766033
CRI,2017,15.06278992
CRI,2018,15.22842026
CRI,2019,15.8384304
CRI,2020,16.09200378
CYP,2000,12.40380001
CYP,2001,12.50660992
CYP,2002,12.97183037
CYP,2003,13.34300041
CYP,2004,13.46362972
CYP,2005,13.36178017
CYP,2006,13.39218998
CYP,2007,13.44102955
CYP,2008,13.6665802
CYP,2009,14.02830029
CYP,2010,13.99242973
CYP,2011,13.94190979
CYP,2012,13.95650005
CYP,2013,14.1801796
CYP,2014,14.46158028
CYP,2015,14.82831001
CYP,2016,15.03357983
CYP,2017,15.50938988
CYP,2018,15.6956501
CYP,2019,16.0143795
CYP,2020,16.22817039
CZE,2000,14.02147961
CZE,2001,14.46613979
CZE,2002,14.8226099
CZE,2003,15.16322994
CZE,2004,14.99580002
CZE,2005,15.25259018
CZE,2006,15.38356018
CZE,2007,15.63811016
CZE,2008,15.67990017
CZE,2009,15.9990797
CZE,2010,16.21603012
CZE,2011,16.36347008
CZE,2012,16.35502052
CZE,2013,16.85703087
CZE,2014,16.96136093
CZE,2015,16.95470047
CZE,2016,16.78609085
CZE,2017,16.67814064
CZE,2018,16.12398911
CZE,2019,16.10343933
CZE,2020,16.1389904
DEU,2000,16.16333967
DEU,2001,16.23499274
DEU,2002,16.30664581
DEU,2003,16.37829888
DEU,2004,16.44995195
DEU,2005,16.52160501
DEU,2006,16.59325808
DEU,2007,16.66491115
DEU,2008,16.73656422
DEU,2009,16.80821729
DEU,2010,16.87987036
DEU,2011,16.95152342
DEU,2012,17.02317649
DEU,2013,17.09482956
DEU,2014,17.11840057
DEU,2015,17.11218071
DEU,2016,16.87516975
DEU,2017,16.98994064
DEU,2018,17.04191971
DEU,2019,17.22438049
DEU,2020,17.22598076
DNK,2000,16.20286942
DNK,2001,16.54718018
DNK,2002,16.20438957
DNK,2003,16.36174965
DNK,2004,16.51910973
DNK,2005,16.77968979
DNK,2006,16.64613914
DNK,2007,16.80562973
DNK,2008,16.71553993
DNK,2009,16.71541023
DNK,2010,16.89028931
DNK,2011,18.35436058
DNK,2012,18.6772995
DNK,2013,19.17308044
DNK,2014,19.2089901
DNK,2015,19.2968998
DNK,2016,19.0395298
DNK,2017,18.82432938
DNK,2018,18.72179985
DNK,2019,18.62013054
DNK,2020,18.64031982
EGY,2000,10.77771521
EGY,2001,10.86091995
EGY,2002,10.88712978
EGY,2003,10.73254967
EGY,2004,10.78256035
EGY,2005,10.83143012
EGY,2006,10.88029989
EGY,2007,10.92916965
EGY,2008,11.00654984
EGY,2009,11.08393002
EGY,2010,11.19958019
EGY,2011,11.21022987
EGY,2012,11.57713032
EGY,2013,11.80953979
EGY,2014,11.73950958
EGY,2015,11.88743496
EGY,2016,12.03536034
EGY,2017,12.16487026
EGY,2018,12.43317032
EGY,2019,12.67249012
EGY,2020,12.91180992
ESP,2000,15.8646698
ESP,2001,15.92284966
ESP,2002,15.97021961
ESP,2003,15.89052963
ESP,2004,15.93443966
ESP,2005,15.98174
ESP,2006,15.93113041
ESP,2007,15.91164017
ESP,2008,15.8737402
ESP,2009,15.95915985
ESP,2010,16.40280914
ESP,2011,16.7514801
ESP,2012,16.98982048
ESP,2013,17.16381073
ESP,2014,17.28533936
ESP,2015,17.40423965
ESP,2016,17.43898964
ESP,2017,17.48012924
ESP,2018,17.51925087
ESP,2019,17.50081062
ESP,2020,17.4695797
EST,2000,15.16271973
EST,2001,15.65767956
EST,2002,15.94836044
EST,2003,16.09065056
EST,2004,16.25458908
EST,2005,16.49143982
EST,2006,16.45730972
EST,2007,16.43349075
EST,2008,16.2975502
EST,2009,16.31830025
EST,2010,16.50847054
EST,2011,16.6350193
EST,2012,16.60737038
EST,2013,16.49702072
EST,2014,16.26988983
EST,2015,16.04608917
EST,2016,15.95291996
EST,2017,15.81396008
EST,2018,15.75247955
EST,2019,15.74028969
EST,2020,15.77509975
FIN,2000,17.68334961
FIN,2001,17.98135948
FIN,2002,18.07708931
FIN,2003,18.29443932
FIN,2004,17.11433983
FIN,2005,17.19054985
FIN,2006,17.17551994
FIN,2007,17.13093948
FIN,2008,17.10404968
FIN,2009,16.8861599
FIN,2010,17.02306938
FIN,2011,17.11375046
FIN,2012,17.10630035
FIN,2013,19.3260994
FIN,2014,19.25424957
FIN,2015,19.31086922
FIN,2016,19.31080055
FIN,2017,19.37471008
FIN,2018,19.45115089
FIN,2019,19.04310989
FIN,2020,19.04858017
FRA,2000,14.93727016
FRA,2001,14.8516798
FRA,2002,14.78316021
FRA,2003,14.86872005
FRA,2004,14.85523987
FRA,2005,15.43264008
FRA,2006,15.41829014
FRA,2007,15.35235023
FRA,2008,15.2978096
FRA,2009,15.27202034
FRA,2010,15.38066006
FRA,2011,15.4170599
FRA,2012,15.48921013
FRA,2013,15.46125031
FRA,2014,15.44229031
FRA,2015,15.51356983
FRA,2016,15.62283039
FRA,2017,15.74036026
FRA,2018,15.84354973
FRA,2019,15.86798954
FRA,2020,15.95796013
GBR,2000,15.99540997
GBR,2001,16.03244019
GBR,2002,16.12564087
GBR,2003,16.10824966
GBR,2004,16.55471992
GBR,2005,16.61335945
GBR,2006,16.03326988
GBR,2007,15.90310001
GBR,2008,16.05381966
GBR,2009,16.22143936
GBR,2010,16.45923996
GBR,2011,15.77939987
GBR,2012,15.70308018
GBR,2013,17.67148972
GBR,2014,17.50748062
GBR,2015,17.32836914
GBR,2016,17.39753914
GBR,2017,17.46670914
GBR,2018,17.23929977
GBR,2019,17.32107925
GBR,2020,17.37801933
GRC,2000,15.08321953
GRC,2001,15.47509956
GRC,2002,15.00137043
GRC,2003,15.1559
GRC,2004,15.57777977
GRC,2005,16.32467079
GRC,2006,16.47640991
GRC,2007,15.9950304
GRC,2008,16.28445689
GRC,2009,16.57388337
GRC,2010,16.86330986
GRC,2011,17.04985046
GRC,2012,17.24628067
GRC,2013,17.40769005
GRC,2014,17.87471008
GRC,2015,18.29533005
GRC,2016,18.71595001
GRC,2017,19.03323936
GRC,2018,19.29426956
GRC,2019,19.64760971
GRC,2020,19.47872925
HKG,2000,12.52632846
HKG,2001,12.88881792
HKG,2002,13.26179719
HKG,2003,13.6455698
HKG,2004,13.69073009
HKG,2005,13.84333038
HKG,2006,13.93659019
HKG,2007,14.5418396
HKG,2008,15.70619965
HKG,2009,15.90507984
HKG,2010,15.82145977
HKG,2011,15.86518955
HKG,2012,16.15875053
HKG,2013,16.2155304
HKG,2014,16.31303024
HKG,2015,16.3966198
HKG,2016,16.34737015
HKG,2017,16.49121094
HKG,2018,16.80493927
HKG,2019,16.90809059
HKG,2020,17.06225014
HRV,2000,12.82217979
HRV,2001,13.54041958
HRV,2002,13.66327
HRV,2003,13.86748028
HRV,2004,14.10561991
HRV,2005,14.34375954
HRV,2006,14.47463989
HRV,2007,14.55031013
HRV,2008,14.49470997
HRV,2009,14.45388985
HRV,2010,14.69629955
HRV,2011,14.81812
HRV,2012,14.98538971
HRV,2013,15.3917799
HRV,2014,15.5668602
HRV,2015,15.61137962
HRV,2016,15.67868042
HRV,2017,15.84932995
HRV,2018,15.96850967
HRV,2019,16.03059959
HRV,2020,16.10606956
HUN,2000,14.34342003
HUN,2001,14.69447994
HUN,2002,15.05519009
HUN,2003,15.4384203
HUN,2004,15.18010998
HUN,2005,15.3645401
HUN,2006,15.45073032
HUN,2007,15.45895958
HUN,2008,15.4487896
HUN,2009,15.40419006
HUN,2010,15.48670006
HUN,2011,15.50347996
HUN,2012,15.49135017
HUN,2013,15.83043003
HUN,2014,15.58627987
HUN,2015,15.31861973
HUN,2016,15.15058994
HUN,2017,15.2469902
HUN,2018,15.16994953
HUN,2019,15.03071976
HUN,2020,15.05879021
IDN,2000,10.76461029
IDN,2001,10.81116009
IDN,2002,10.9467001
IDN,2003,11.18869972
IDN,2004,11.32516003
IDN,2005,11.23674011
IDN,2006,11.36719036
IDN,2007,12.01272011
IDN,2008,11.97515011
IDN,2009,12.42794991
IDN,2010,12.64494991
IDN,2011,12.96133041
IDN,2012,13.29708958
IDN,2013,13.32936954
IDN,2014,13.26311016
IDN,2015,13.63879967
IDN,2016,13.60601997
IDN,2017,13.72858047
IDN,2018,13.78658009
IDN,2019,13.15936375
IDN,2020,13.34878254
IND,2000,8.326029778
IND,2001,8.807609558
IND,2002,8.872280121
IND,2003,9.489009857
IND,2004,9.759057283
IND,2005,10.02910471
IND,2006,10.29915214
IND,2007,10.56919956
IND,2008,10.86855984
IND,2009,10.78787994
IND,2010,11.10916996
IND,2011,11.69287014
IND,2012,11.76546955
IND,2013,11.80904961
IND,2014,12.16592026
IND,2015,12.26624012
IND,2016,12.67975998
IND,2017,12.50761032
IND,2018,11.81653976
IND,2019,11.75397968
IND,2020,12.1291399
IRL,2000,16.71693993
IRL,2001,16.82689095
IRL,2002,17.02165985
IRL,2003,17.22590065
IRL,2004,17.59017944
IRL,2005,17.55994034
IRL,2006,17.44894981
IRL,2007,17.49214935
IRL,2008,17.26186943
IRL,2009,17.49266052
IRL,2010,17.9317894
IRL,2011,18.1099205
IRL,2012,18.13200951
IRL,2013,18.25286007
IRL,2014,18.37371063
IRL,2015,18.9115696
IRL,2016,19.00027084
IRL,2017,18.92165947
IRL,2018,19.97864914
IRL,2019,19.15852928
IRL,2020,19.05665016
ISL,2000,17.02371025
ISL,2001,17.05023956
ISL,2002,17.55954933
ISL,2003,18.24403
ISL,2004,17.92898941
ISL,2005,18.1415596
ISL,2006,18.12881088
ISL,2007,17.97085953
ISL,2008,18.00515938
ISL,2009,17.9835701
ISL,2010,18.52272034
ISL,2011,18.74509048
ISL,2012,19.17963982
ISL,2013,19.7612896
ISL,2014,19.71046066
ISL,2015,19.35326958
ISL,2016,19.06691933
ISL,2017,18.73963928
ISL,2018,18.50045967
ISL,2019,18.23498917
ISL,2020,18.23974037
ISR,2000,14.3139801
ISR,2001,14.37794971
ISR,2002,14.89109039
ISR,2003,14.77112961
ISR,2004,14.66952038
ISR,2005,14.64525986
ISR,2006,14.57705021
ISR,2007,14.7148304
ISR,2008,14.56844997
ISR,2009,14.84815025
ISR,2010,15.04463959
ISR,2011,15.04598045
ISR,2012,15.0644598
ISR,2013,15.10923004
ISR,2014,15.09504986
ISR,2015,15.04730034
ISR,2016,14.90981007
ISR,2017,14.92461014
ISR,2018,14.85824013
ISR,2019,14.78419018
ISR,2020,14.8323698
ITA,2000,15.08234024
ITA,2001,15.40863991
ITA,2002,15.64844036
ITA,2003,15.91219997
ITA,2004,16.06414986
ITA,2005,16.19094086
ITA,2006,16.31435013
ITA,2007,16.38709068
ITA,2008,16.35217094
ITA,2009,16.2816906
ITA,2010,16.23377037
ITA,2011,16.39005089
ITA,2012,16.17153931
ITA,2013,15.97972965
ITA,2014,15.96411991
ITA,2015,15.95446968
ITA,2016,15.95277023
ITA,2017,16.14879036
ITA,2018,16.28825951
ITA,2019,16.38013077
ITA,2020,16.53112984
JOR,2000,11.81544018
JOR,2001,12.0518651
JOR,2002,12.28829002
JOR,2003,12.58051968
JOR,2004,12.8573103
JOR,2005,12.84228992
JOR,2006,12.84058952
JOR,2007,12.84978008
JOR,2008,12.88105965
JOR,2009,12.88059998
JOR,2010,12.55939007
JOR,2011,12.56363964
JOR,2012,12.89628983
JOR,2013,12.90334487
JOR,2014,12.91039991
JOR,2015,12.91745496
JOR,2016,12.92451
JOR,2017,12.62730026
JOR,2018,12.88411045
JOR,2019,12.87932968
JOR,2020,12.91650963
JPN,2000,14.98795945
JPN,2001,15.01929869
JPN,2002,15.05063793
JPN,2003,15.08197716
JPN,2004,15.1133164
JPN,2005,15.14465564
JPN,2006,15.17599487
JPN,2007,15.20733411
JPN,2008,15.23867335
JPN,2009,15.27001258
JPN,2010,15.30135182
JPN,2011,15.33269106
JPN,2012,15.36403029
JPN,2013,15.39536953
JPN,2014,15.40052986
JPN,2015,15.41378021
JPN,2016,15.37909031
JPN,2017,15.38788986
JPN,2018,15.40042019
JPN,2019,15.44126987
JPN,2020,15.45631981
KAZ,2000,12.23789978
KAZ,2001,12.63942146
KAZ,2002,13.04094315
KAZ,2003,13.44246483
KAZ,2004,13.84398651
KAZ,2005,14.24550819
KAZ,2006,14.64702988
KAZ,2007,14.60829234
KAZ,2008,14.56955481
KAZ,2009,14.53081727
KAZ,2010,14.49207973
KAZ,2011,14.70116043
KAZ,2012,14.78635025
KAZ,2013,14.57437038
KAZ,2014,14.39548969
KAZ,2015,14.19941998
KAZ,2016,14.10587025
KAZ,2017,14.21605015
KAZ,2018,14.35060978
KAZ,2019,14.58216
KAZ,2020,14.81626987
KHM,2000,7.958469868
KHM,2001,8.594880104
KHM,2002,9.777799606
KHM,2003,10.32608032
KHM,2004,10.84488964
KHM,2005,11.0031147
KHM,2006,11.16133976
KHM,2007,11.16427994
KHM,2008,11.05580997
KHM,2009,11.06528212
KHM,2010,11.07475427
KHM,2011,11.08422642
KHM,2012,11.09369857
KHM,2013,11.10317071
KHM,2014,11.11264286
KHM,2015,11.12211501
KHM,2016,11.13158716
KHM,2017,11.1410593
KHM,2018,11.15053145
KHM,2019,11.1600036
KHM,2020,11.16947575
KOR,2000,15.53610992
KOR,2001,15.63733006
KOR,2002,15.80494022
KOR,2003,15.97859955
KOR,2004,16.16551018
KOR,2005,16.36128998
KOR,2006,16.47963905
KOR,2007,16.62828064
KOR,2008,16.69165039
KOR,2009,16.72352028
KOR,2010,16.7948494
KOR,2011,16.83992004
KOR,2012,16.75774956
KOR,2013,16.68445015
KOR,2014,16.61566925
KOR,2015,16.57014084
KOR,2016,16.48817062
KOR,2017,16.42491913
KOR,2018,16.38441086
KOR,2019,16.37698936
KOR,2020,16.37731934
LAO,2000,7.925909996
LAO,2001,7.976659775
LAO,2002,8.296759605
LAO,2003,8.68212986
LAO,2004,8.880860329
LAO,2005,9.123129845
LAO,2006,9.225119591
LAO,2007,9.382089615
LAO,2008,9.553330421
LAO,2009,9.830570221
LAO,2010,10.04775047
LAO,2011,10.45347023
LAO,2012,10.52556038
LAO,2013,10.78007984
LAO,2014,11.03997993
LAO,2015,11.17383957
LAO,2016,11.09759998
LAO,2017,10.95283031
LAO,2018,10.63360023
LAO,2019,10.50666046
LAO,2020,10.18749046
LTU,2000,14.49923992
LTU,2001,15.09012985
LTU,2002,15.63140965
LTU,2003,16.21151924
LTU,2004,16.39171028
LTU,2005,16.7774601
LTU,2006,17.09894943
LTU,2007,17.08245087
LTU,2008,17.09845924
LTU,2009,17.18757057
LTU,2010,17.12297058
LTU,2011,17.16068077
LTU,2012,16.95055962
LTU,2013,16.85629082
LTU,2014,16.13591003
LTU,2015,16.15266037
LTU,2016,16.22341919
LTU,2017,16.40295029
LTU,2018,16.32348061
LTU,2019,16.15449905
LTU,2020,16.14806938
LUX,2000,13.41460991
LUX,2001,13.30146027
LUX,2002,13.43264008
LUX,2003,13.41771984
LUX,2004,13.35352993
LUX,2005,13.28934002
LUX,2006,13.22515011
LUX,2007,13.28186989
LUX,2008,13.33858967
LUX,2009,13.60389471
LUX,2010,13.86919975
LUX,2011,13.92474508
LUX,2012,13.98029041
LUX,2013,14.02516365
LUX,2014,14.07003689
LUX,2015,14.11491013
LUX,2016,14.16722965
LUX,2017,14.10188961
LUX,2018,14.14490032
LUX,2019,14.18776035
LUX,2020,14.19386959
LVA,2000,14.19244003
LVA,2001,14.88010025
LVA,2002,15.35857964
LVA,2003,15.72097015
LVA,2004,16.10833931
LVA,2005,16.40514946
LVA,2006,16.4289608
LVA,2007,16.32666016
LVA,2008,16.32238007
LVA,2009,15.93803978
LVA,2010,15.81033039
LVA,2011,15.79568958
LVA,2012,15.62761974
LVA,2013,16.07962036
LVA,2014,16.07192993
LVA,2015,16.09433937
LVA,2016,16.26151085
LVA,2017,16.47373009
LVA,2018,16.56105042
LVA,2019,16.54171944
LVA,2020,16.49007988
MAR,2000,8.56276989
MAR,2001,8.933050156
MAR,2002,9.365309715
MAR,2003,9.695070267
MAR,2004,9.891050339
MAR,2005,10.01336002
MAR,2006,10.01791
MAR,2007,10.22760963
MAR,2008,10.36264038
MAR,2009,10.53151989
MAR,2010,10.91386032
MAR,2011,11.28670979
MAR,2012,11.62874985
MAR,2013,11.9529438
MAR,2014,12.27713776
MAR,2015,12.60133171
MAR,2016,12.92552567
MAR,2017,13.24971962
MAR,2018,13.44997978
MAR,2019,13.70191002
MAR,2020,13.92945957
MEX,2000,11.96185017
MEX,2001,11.99468994
MEX,2002,12.33232975
MEX,2003,12.58868027
MEX,2004,12.6633997
MEX,2005,12.71755981
MEX,2006,12.84585953
MEX,2007,12.99110985
MEX,2008,13.19239044
MEX,2009,13.27560043
MEX,2010,13.42037964
MEX,2011,13.46401978
MEX,2012,13.73157978
MEX,2013,13.91250992
MEX,2014,14.08321953
MEX,2015,14.23423958
MEX,2016,14.6759901
MEX,2017,14.85268021
MEX,2018,14.92304993
MEX,2019,14.9456501
MEX,2020,14.82310009
MLT,2000,14.05391026
MLT,2001,14.05865002
MLT,2002,14.01716042
MLT,2003,14.37259007
MLT,2004,14.93609047
MLT,2005,14.93362999
MLT,2006,14.63082981
MLT,2007,14.99221039
MLT,2008,14.89570999
MLT,2009,15.22702503
MLT,2010,15.55834007
MLT,2011,15.05198956
MLT,2012,15.26603985
MLT,2013,15.39560032
MLT,2014,15.41493988
MLT,2015,15.49055958
MLT,2016,15.45613003
MLT,2017,15.51881981
MLT,2018,15.75314045
MLT,2019,15.62699032
MLT,2020,15.55049038
MMR,2000,7.909849803
MMR,2001,7.938059807
MMR,2002,8.062719822
MMR,2003,8.187379837
MMR,2004,8.312039852
MMR,2005,8.436699867
MMR,2006,8.561359882
MMR,2007,8.686019897
MMR,2008,8.942250859
MMR,2009,9.19848182
MMR,2010,9.454712781
MMR,2011,9.710943742
MMR,2012,9.967174703
MMR,2013,10.22340566
MMR,2014,10.47963663
MMR,2015,10.73586759
MMR,2016,10.99209855
MMR,2017,11.24832951
MMR,2018,11.50456047
MMR,2019,11.50456047
MMR,2020,11.50456047
MYS,2000,12.39342976
MYS,2001,12.32275009
MYS,2002,12.24785995
MYS,2003,12.62555027
MYS,2004,12.70936012
MYS,2005,12.34197998
MYS,2006,11.94384003
MYS,2007,12.17440033
MYS,2008,12.36715031
MYS,2009,12.55362034
MYS,2010,12.78493023
MYS,2011,12.64017963
MYS,2012,12.86585999
MYS,2013,13.00280952
MYS,2014,13.12631989
MYS,2015,13.28528023
MYS,2016,13.46302986
MYS,2017,13.27797031
MYS,2018,13.14906979
MYS,2019,13.0999403
MYS,2020,12.95814991
NGA,2000,8.045780182
NGA,2001,7.727389812
NGA,2002,8.028120041
NGA,2003,8.471205235
NGA,2004,8.914290428
NGA,2005,8.961859703
NGA,2006,8.805881691
NGA,2007,8.649903679
NGA,2008,8.493925667
NGA,2009,8.337947655
NGA,2010,8.181969643
NGA,2011,8.470709801
NGA,2012,8.680361611
NGA,2013,8.890013422
NGA,2014,9.099665233
NGA,2015,9.309317044
NGA,2016,9.518968854
NGA,2017,9.728620665
NGA,2018,9.938272476
NGA,2019,10.13020498
NGA,2020,10.32213749
NLD,2000,16.53998947
NLD,2001,16.60247993
NLD,2002,16.26139069
NLD,2003,16.36185074
NLD,2004,16.29899979
NLD,2005,16.43285942
NLD,2006,16.55203056
NLD,2007,16.68618011
NLD,2008,16.80303001
NLD,2009,16.84559059
NLD,2010,17.01534081
NLD,2011,17.88151932
NLD,2012,17.9406395
NLD,2013,18.05022621
NLD,2014,18.15981293
NLD,2015,18.26939964
NLD,2016,18.13762093
NLD,2017,18.40394974
NLD,2018,18.33420944
NLD,2019,18.37399483
NLD,2020,18.41378021
NOR,2000,17.42749023
NOR,2001,17.03140068
NOR,2002,17.09057045
NOR,2003,17.42193985
NOR,2004,17.55905914
NOR,2005,17.43656921
NOR,2006,17.53119087
NOR,2007,17.54254913
NOR,2008,17.37862015
NOR,2009,17.35601044
NOR,2010,17.52806091
NOR,2011,17.52289963
NOR,2012,17.45492935
NOR,2013,17.65600967
NOR,2014,17.68444061
NOR,2015,17.78302002
NOR,2016,17.95096016
NOR,2017,18.05971909
NOR,2018,18.14512062
NOR,2019,18.23535919
NOR,2020,18.3110199
NZL,2000,17.92928823
NZL,2001,18.16840045
NZL,2002,18.40751266
NZL,2003,18.64662488
NZL,2004,18.8857371
NZL,2005,19.12484932
NZL,2006,19.1883812
NZL,2007,19.25191307
NZL,2008,19.31544495
NZL,2009,19.37897682
NZL,2010,19.4425087
NZL,2011,19.50604057
NZL,2012,19.33862019
NZL,2013,19.1711998
NZL,2014,19.07279968
NZL,2015,18.9496994
NZL,2016,17.9842205
NZL,2017,18.46677971
NZL,2018,18.3230896
NZL,2019,19.4722805
NZL,2020,19.1901207
PAK,2000,4.662332131
PAK,2001,4.704741368
PAK,2002,4.747150605
PAK,2003,4.789559841
PAK,2004,5.15583992
PAK,2005,5.463049889
PAK,2006,5.626229763
PAK,2007,6.005660057
PAK,2008,6.004640102
PAK,2009,6.06787014
PAK,2010,6.052280188
PAK,2011,6.036690235
PAK,2012,6.139200211
PAK,2013,6.192039967
PAK,2014,6.466800213
PAK,2015,6.739069939
PAK,2016,7.082240105
PAK,2017,7.014989853
PAK,2018,7.303080082
PAK,2019,7.635359764
PAK,2020,7.89510849
PER,2000,12.81503963
PER,2001,13.30440998
PER,2002,12.82085037
PER,2003,12.32927036
PER,2004,12.58325958
PER,2005,12.61705971
PER,2006,12.82301044
PER,2007,13.01933336
PER,2008,13.21565628
PER,2009,13.4119792
PER,2010,13.60830212
PER,2011,13.80462503
PER,2012,14.00094795
PER,2013,14.19727087
PER,2014,14.39359379
PER,2015,14.58991671
PER,2016,14.78623962
PER,2017,14.49571037
PER,2018,14.59804249
PER,2019,14.70109703
PER,2020,14.80487907
PHL,2000,11.53904009
PHL,2001,11.53691006
PHL,2002,11.74230957
PHL,2003,11.73099041
PHL,2004,11.72441006
PHL,2005,11.58979034
PHL,2006,11.39826012
PHL,2007,11.47802019
PHL,2008,11.55778027
PHL,2009,11.31982994
PHL,2010,11.54787788
PHL,2011,11.77592583
PHL,2012,12.00397377
PHL,2013,12.23202171
PHL,2014,12.46006966
PHL,2015,12.61225033
PHL,2016,12.58333969
PHL,2017,12.81820011
PHL,2018,12.84095001
PHL,2019,13.03676033
PHL,2020,12.78335953
POL,2000,14.89494991
POL,2001,15.26095009
POL,2002,15.62158966
POL,2003,15.80753994
POL,2004,15.17918968
POL,2005,15.37594032
POL,2006,15.38029957
POL,2007,15.38272953
POL,2008,15.38138008
POL,2009,15.41930008
POL,2010,15.76898956
POL,2011,15.66082001
POL,2012,15.70232964
POL,2013,16.59316063
POL,2014,16.20609093
POL,2015,16.41242027
POL,2016,16.62725067
POL,2017,16.05427933
POL,2018,15.92910004
POL,2019,15.87380981
POL,2020,15.84399033
PRT,2000,15.6854403
PRT,2001,15.71021032
PRT,2002,15.73498034
PRT,2003,15.75975037
PRT,2004,15.23719978
PRT,2005,15.21778965
PRT,2006,15.14795017
PRT,2007,15.44752026
PRT,2008,15.73754978
PRT,2009,15.90995026
PRT,2010,16.11100006
PRT,2011,16.32862091
PRT,2012,16.3426156
PRT,2013,16.3566103
PRT,2014,16.37060499
PRT,2015,16.38459969
PRT,2016,16.26753998
PRT,2017,16.36219978
PRT,2018,16.48127937
PRT,2019,16.60087013
PRT,2020,16.66860962
RUS,2000,12.79107237
RUS,2001,13.30638504
RUS,2002,13.82169771
RUS,2003,14.33701038
RUS,2004,14.23517513
RUS,2005,14.13333988
RUS,2006,14.16090965
RUS,2007,14.30515957
RUS,2008,14.34453011
RUS,2009,14.05552959
RUS,2010,14.37661982
RUS,2011,14.69771004
RUS,2012,14.66079998
RUS,2013,14.7792902
RUS,2014,14.83740044
RUS,2015,14.91147041
RUS,2016,14.86800957
RUS,2017,14.55185032
RUS,2018,15.12335014
RUS,2019,15.15861034
RUS,2020,13.24584007
SAU,2000,11.58084793
SAU,2001,11.86873859
SAU,2002,12.16378599
SAU,2003,12.46616802
SAU,2004,12.77606704
SAU,2005,13.09366989
SAU,2006,12.90024471
SAU,2007,12.70681953
SAU,2008,12.76223993
SAU,2009,12.81766033
SAU,2010,13.01385283
SAU,2011,13.21004534
SAU,2012,13.40623784
SAU,2013,13.60243034
SAU,2014,14.39805984
SAU,2015,14.76905489
SAU,2016,15.14004993
SAU,2017,15.72507
SAU,2018,15.85610008
SAU,2019,15.98313046
SAU,2020,15.75979996
SEN,2000,5.490004158
SEN,2001,5.76638813
SEN,2002,6.042772102
SEN,2003,6.319156075
SEN,2004,6.595540047
SEN,2005,6.874909878
SEN,2006,7.001580238
SEN,2007,7.388890028
SEN,2008,7.776199818
SEN,2009,7.958699942
SEN,2010,8.141200066
SEN,2011,8.799389839
SEN,2012,9.017259598
SEN,2013,9.055959702
SEN,2014,9.293149948
SEN,2015,9.290579796
SEN,2016,9.196184874
SEN,2017,9.101789951
SEN,2018,9.007395029
SEN,2019,8.913000107
SEN,2020,9.053489685
SGP,2000,16.79748897
SGP,2001,16.83696124
SGP,2002,16.87652626
SGP,2003,16.91618425
SGP,2004,16.95593544
SGP,2005,16.99578004
SGP,2006,17.03571827
SGP,2007,17.07575035
SGP,2008,17.6108799
SGP,2009,17.79972076
SGP,2010,17.63391359
SGP,2011,17.46810641
SGP,2012,17.30229923
SGP,2013,17.13649205
SGP,2014,16.97068487
SGP,2015,16.80487769
SGP,2016,16.63907051
SGP,2017,16.67643929
SGP,2018,16.74200058
SGP,2019,16.74119949
SGP,2020,16.78735924
SVK,2000,13.4864502
SVK,2001,13.4614296
SVK,2002,13.75111961
SVK,2003,14.04012012
SVK,2004,14.29823017
SVK,2005,14.57946014
SVK,2006,14.78446007
SVK,2007,15.03610992
SVK,2008,15.14704037
SVK,2009,15.2132597
SVK,2010,15.26029968
SVK,2011,15.20849037
SVK,2012,15.15810966
SVK,2013,15.11940002
SVK,2014,14.98192978
SVK,2015,14.8499403
SVK,2016,14.67245007
SVK,2017,14.59996986
SVK,2018,14.54144001
SVK,2019,14.5240097
SVK,2020,14.56892014
SVN,2000,14.97756004
SVN,2001,15.79201031
SVN,2002,16.24087906
SVN,2003,16.69790077
SVN,2004,16.38866043
SVN,2005,16.74777985
SVN,2006,16.89109039
SVN,2007,16.93288994
SVN,2008,17.0559597
SVN,2009,16.99419022
SVN,2010,17.08004951
SVN,2011,16.93592072
SVN,2012,16.95046997
SVN,2013,17.68330956
SVN,2014,17.34629059
SVN,2015,17.27178001
SVN,2016,17.45750046
SVN,2017,17.47266006
SVN,2018,17.44425964
SVN,2019,17.32518959
SVN,2020,17.26226997
SWE,2000,18.69342995
SWE,2001,18.68438911
SWE,2002,18.55690002
SWE,2003,18.55674934
SWE,2004,16.02107048
SWE,2005,16.00225067
SWE,2006,15.96051025
SWE,2007,15.81301022
SWE,2008,15.79736996
SWE,2009,15.79718018
SWE,2010,15.98805046
SWE,2011,15.87300014
SWE,2012,15.91219044
SWE,2013,18.18398094
SWE,2014,18.09351921
SWE,2015,18.32088089
SWE,2016,18.42341995
SWE,2017,18.86420059
SWE,2018,18.89518929
SWE,2019,18.52235985
SWE,2020,18.65209007
THA,2000,11.32449341
THA,2001,11.55111027
THA,2002,11.75627041
THA,2003,11.94032526
THA,2004,12.12438011
THA,2005,12.51091003
THA,2006,12.52921009
THA,2007,12.90353012
THA,2008,12.72402
THA,2009,12.61021042
THA,2010,13.53878021
THA,2011,13.67677975
THA,2012,13.4924202
THA,2013,13.41460037
THA,2014,16.06522942
THA,2015,16.04120445
THA,2016,16.01717949
THA,2017,15.8804996
THA,2018,15.74381971
THA,2019,15.60713983
THA,2020,15.47045994
TUN,2000,12.53472996
TUN,2001,12.76819992
TUN,2002,12.9030304
TUN,2003,12.99831009
TUN,2004,13.3390398
TUN,2005,13.62553978
TUN,2006,13.77797985
TUN,2007,13.875
TUN,2008,13.97587013
TUN,2009,13.9574604
TUN,2010,14.04518986
TUN,2011,14.14445972
TUN,2012,14.15775967
TUN,2013,14.17105961
TUN,2014,14.09300041
TUN,2015,14.18632984
TUN,2016,14.40567017
TUN,2017,14.45884188
TUN,2018,14.51220985
TUN,2019,14.5657748
TUN,2020,14.61953746
TUR,2000,11.13335514
TUR,2001,11.7344799
TUR,2002,12.10737991
TUR,2003,12.22653008
TUR,2004,12.1072998
TUR,2005,12.03092003
TUR,2006,12.45195961
TUR,2007,12.70238972
TUR,2008,12.54028034
TUR,2009,13.05500984
TUR,2010,13.95011044
TUR,2011,14.50026035
TUR,2012,14.67325974
TUR,2013,16.79644966
TUR,2014,17.31707954
TUR,2015,17.78837967
TUR,2016,18.27482986
TUR,2017,18.67255974
TUR,2018,18.97455978
TUR,2019,19.18523026
TUR,2020,19.29534912
UKR,2000,12.79876041
UKR,2001,13.54780006
UKR,2002,13.91644001
UKR,2003,14.2719202
UKR,2004,14.25391006
UKR,2005,14.51976013
UKR,2006,14.72169971
UKR,2007,14.90732956
UKR,2008,15.03969955
UKR,2009,15.07240009
UKR,2010,15.05955982
UKR,2011,15.03600025
UKR,2012,15.05902958
UKR,2013,14.9281702
UKR,2014,14.92978001
UKR,2015,13.77066994
UKR,2016,13.63589954
UKR,2017,13.67564964
UKR,2018,13.64286995
UKR,2019,13.71247959
UKR,2020,13.58794975
USA,2000,15.40754986
USA,2001,15.54766006
USA,2002,15.68777027
USA,2003,15.82788048
USA,2004,15.96799068
USA,2005,16.10810089
USA,2006,16.16569567
USA,2007,16.22329044
USA,2008,16.28088522
USA,2009,16.33848
USA,2010,16.39607477
USA,2011,16.45366955
USA,2012,16.51126432
USA,2013,16.5688591
USA,2014,16.55954933
USA,2015,16.59604073
USA,2016,16.67295074
USA,2017,16.67160034
USA,2018,16.64285088
USA,2019,16.63553047
USA,2020,16.62663078
VNM,2000,10.55862045
VNM,2001,10.70526981
VNM,2002,10.93157673
VNM,2003,11.15788364
VNM,2004,11.38419056
VNM,2005,11.61049747
VNM,2006,11.83680439
VNM,2007,12.06311131
VNM,2008,12.28941822
VNM,2009,12.51572514
VNM,2010,12.74203205
VNM,2011,12.96833897
VNM,2012,13.19464588
VNM,2013,13.4209528
VNM,2014,13.64725971
VNM,2015,13.87356663
VNM,2016,14.09987354
VNM,2017,14.32618046
VNM,2018,14.55248737
VNM,2019,14.77879429
VNM,2020,15.0051012
ZAF,2000,11.93591523
ZAF,2001,11.73263276
ZAF,2002,11.52935028
ZAF,2003,11.64111042
ZAF,2004,11.85159969
ZAF,2005,11.85476017
ZAF,2006,11.96778965
ZAF,2007,12.31620979
ZAF,2008,12.47587967
ZAF,2009,12.63554955
ZAF,2010,12.8413496
ZAF,2011,13.10684967
ZAF,2012,13.54292011
ZAF,2013,13.91226006
ZAF,2014,14.2816
ZAF,2015,14.60560989
ZAF,2016,14.24452019
ZAF,2017,14.26511002
ZAF,2018,14.0805397
ZAF,2019,14.21393013
ZAF,2020,13.98349953
