Series Name,Series Code,Country Name,Country Code,1995 [YR1995],1996 [YR1996],1997 [YR1997],1998 [YR1998],1999 [YR1999],2000 [YR2000],2001 [YR2001],2002 [YR2002],2003 [YR2003],2004 [YR2004],2005 [YR2005],2006 [YR2006],2007 [YR2007],2008 [YR2008],2009 [YR2009],2010 [YR2010],2011 [YR2011],2012 [YR2012],2013 [YR2013],2014 [YR2014],2015 [YR2015],2016 [YR2016],2017 [YR2017],2018 [YR2018],2019 [YR2019],2020 [YR2020]
Urban population (% of total population),SP.URB.TOTL.IN.ZS,Afghanistan,AFG,21.624,21.714,21.805,21.895,21.986,22.078,22.169,22.261,22.353,22.5,22.703,22.907,23.113,23.32,23.528,23.737,23.948,24.16,24.373,24.587,24.803,25.02,25.25,25.495,25.754,26.026
Urban population (% of total population),SP.URB.TOTL.IN.ZS,Albania,ALB,38.911,39.473,40.035,40.601,41.169,41.741,42.435,43.501,44.573,45.651,46.731,47.815,48.902,49.991,51.076,52.163,53.247,54.33,55.387,56.423,57.434,58.421,59.383,60.319,61.229,62.112
Urban population (% of total population),SP.URB.TOTL.IN.ZS,Algeria,DZA,55.997,56.774,57.544,58.313,59.118,59.919,60.712,61.501,62.284,63.061,63.83,64.593,65.348,66.097,66.826,67.54,68.236,68.915,69.576,70.221,70.848,71.459,72.052,72.629,73.189,73.733
Urban population (% of total population),SP.URB.TOTL.IN.ZS,American Samoa,ASM,85.28,86.043,86.771,87.467,88.131,88.587,88.491,88.394,88.297,88.198,88.1,88,87.9,87.799,87.697,87.594,87.502,87.42,87.348,87.288,87.238,87.198,87.17,87.153,87.147,87.153
Urban population (% of total population),SP.URB.TOTL.IN.ZS,Andorra,AND,93.661,93.425,93.18,92.927,92.666,92.395,92.056,91.641,91.207,90.751,90.285,89.807,89.308,89.004,88.912,88.819,88.726,88.631,88.537,88.441,88.345,88.248,88.15,88.062,87.984,87.916
Urban population (% of total population),SP.URB.TOTL.IN.ZS,Angola,AGO,44.169,45.346,46.525,47.71,48.897,50.087,51.274,52.461,53.645,54.827,56,56.764,57.524,58.282,59.034,59.783,60.528,61.268,62.002,62.731,63.446,64.149,64.839,65.514,66.177,66.825
Urban population (% of total population),SP.URB.TOTL.IN.ZS,Antigua and Barbuda,ATG,33.961,33.59,33.221,32.855,32.49,32.127,31.74,31.098,30.464,29.837,29.218,28.606,28.002,27.405,26.818,26.238,25.703,25.526,25.35,25.175,25,24.846,24.713,24.599,24.506,24.433
Urban population (% of total population),SP.URB.TOTL.IN.ZS,Argentina,ARG,88.164,88.366,88.564,88.759,88.952,89.142,89.329,89.51,89.686,89.86,90.031,90.2,90.366,90.53,90.691,90.849,90.99,91.121,91.249,91.377,91.503,91.627,91.749,91.87,91.991,92.111
Urban population (% of total population),SP.URB.TOTL.IN.ZS,Armenia,ARM,66.057,65.781,65.504,65.226,64.947,64.666,64.385,64.236,64.137,64.038,63.938,63.839,63.739,63.64,63.54,63.44,63.34,63.24,63.164,63.112,63.085,63.082,63.103,63.149,63.219,63.313
Urban population (% of total population),SP.URB.TOTL.IN.ZS,Aruba,ABW,48.767,48.356,47.946,47.536,47.127,46.717,46.339,45.972,45.606,45.24,44.875,44.511,44.147,43.783,43.421,43.059,42.94,42.957,42.99,43.041,43.108,43.192,43.293,43.411,43.546,43.697
Urban population (% of total population),SP.URB.TOTL.IN.ZS,Australia,AUS,84.898,84.767,84.636,84.503,84.37,84.235,84.1,84.222,84.343,84.463,84.582,84.7,84.822,84.943,85.063,85.182,85.3,85.402,85.502,85.602,85.701,85.8,85.904,86.012,86.124,86.241
Urban population (% of total population),SP.URB.TOTL.IN.ZS,Austria,AUT,61.596,61.32,61.045,60.768,60.491,60.213,59.934,59.655,59.375,59.094,58.813,58.532,58.249,57.966,57.683,57.399,57.115,57.147,57.336,57.526,57.715,57.905,58.094,58.297,58.515,58.748
Urban population (% of total population),SP.URB.TOTL.IN.ZS,Azerbaijan,AZE,52.206,51.896,51.588,51.278,51.185,51.386,51.587,51.787,51.988,52.189,52.389,52.589,52.79,52.99,53.19,53.406,53.637,53.883,54.145,54.422,54.714,55.021,55.343,55.68,56.031,56.397
Urban population (% of total population),SP.URB.TOTL.IN.ZS,"Bahamas, The",BHS,80.961,81.18,81.396,81.611,81.824,82.007,82.049,82.092,82.134,82.176,82.218,82.26,82.302,82.343,82.385,82.427,82.476,82.532,82.596,82.668,82.746,82.832,82.925,83.025,83.132,83.245
Urban population (% of total population),SP.URB.TOTL.IN.ZS,Bahrain,BHR,88.388,88.385,88.382,88.379,88.376,88.372,88.369,88.373,88.383,88.399,88.422,88.452,88.488,88.53,88.579,88.634,88.695,88.762,88.835,88.915,88.999,89.09,89.186,89.287,89.394,89.506
Urban population (% of total population),SP.URB.TOTL.IN.ZS,Bangladesh,BGD,21.693,22.064,22.438,22.818,23.202,23.59,24.096,24.756,25.429,26.114,26.809,27.517,28.237,28.968,29.709,30.462,31.225,31.993,32.762,33.535,34.308,35.083,35.858,36.632,37.405,38.177
Urban population (% of total population),SP.URB.TOTL.IN.ZS,Barbados,BRB,35.566,35.21,34.856,34.503,34.152,33.827,33.629,33.431,33.234,33.037,32.841,32.646,32.451,32.256,32.063,31.87,31.7,31.553,31.429,31.328,31.249,31.193,31.159,31.147,31.158,31.191
Urban population (% of total population),SP.URB.TOTL.IN.ZS,Belarus,BLR,67.926,68.308,68.687,69.064,69.482,69.973,70.458,70.939,71.415,71.887,72.354,72.816,73.273,73.726,74.172,74.672,75.188,75.697,76.199,76.693,77.181,77.661,78.134,78.595,79.044,79.483
Urban population (% of total population),SP.URB.TOTL.IN.ZS,Belgium,BEL,96.777,96.851,96.924,96.996,97.065,97.129,97.186,97.241,97.296,97.35,97.403,97.454,97.505,97.555,97.603,97.651,97.698,97.744,97.789,97.833,97.876,97.919,97.961,98.001,98.041,98.079
Urban population (% of total population),SP.URB.TOTL.IN.ZS,Belize,BLZ,46.425,46.214,46.003,45.793,45.582,45.398,45.381,45.364,45.347,45.33,45.313,45.296,45.279,45.262,45.245,45.228,45.228,45.246,45.282,45.335,45.406,45.495,45.601,45.724,45.866,46.025
Urban population (% of total population),SP.URB.TOTL.IN.ZS,Benin,BEN,36.758,37.071,37.385,37.699,38.015,38.333,38.65,39.036,39.536,40.039,40.543,41.049,41.558,42.069,42.58,43.093,43.608,44.125,44.642,45.166,45.695,46.229,46.768,47.312,47.861,48.415
Urban population (% of total population),SP.URB.TOTL.IN.ZS,Bermuda,BMU,100,100,100,100,100,100,100,100,100,100,100,100,100,100,100,100,100,100,100,100,100,100,100,100,100,100
Urban population (% of total population),SP.URB.TOTL.IN.ZS,Bhutan,BTN,20.537,21.456,22.401,23.377,24.383,25.418,26.48,27.57,28.688,29.835,30.965,31.712,32.469,33.236,34.01,34.793,35.585,36.371,37.149,37.918,38.678,39.428,40.167,40.895,41.612,42.316
Urban population (% of total population),SP.URB.TOTL.IN.ZS,Bolivia,BOL,59.15,59.682,60.212,60.739,61.264,61.787,62.306,62.783,63.248,63.711,64.17,64.628,65.082,65.535,65.984,66.43,66.874,67.315,67.699,68.047,68.393,68.738,69.08,69.425,69.773,70.123
Urban population (% of total population),SP.URB.TOTL.IN.ZS,Bosnia and Herzegovina,BIH,40.817,41.13,41.442,41.755,42.069,42.384,42.698,43.014,43.33,43.648,43.965,44.282,44.601,44.92,45.239,45.558,45.878,46.199,46.519,46.84,47.173,47.518,47.876,48.245,48.626,49.02
Urban population (% of total population),SP.URB.TOTL.IN.ZS,Botswana,BWA,48.981,49.83,50.677,51.525,52.372,53.219,54.062,54.57,55.029,55.488,55.944,56.4,57.928,59.444,60.937,62.412,63.865,64.768,65.572,66.368,67.155,67.933,68.7,69.446,70.172,70.877
Urban population (% of total population),SP.URB.TOTL.IN.ZS,Brazil,BRA,77.61,78.302,79.048,79.781,80.496,81.192,81.553,81.88,82.203,82.521,82.834,83.143,83.448,83.749,84.044,84.335,84.631,84.923,85.209,85.492,85.77,86.042,86.309,86.569,86.824,87.073
Urban population (% of total population),SP.URB.TOTL.IN.ZS,British Virgin Islands,VGB,40.413,40.684,40.955,41.228,41.5,41.774,42.048,42.328,42.615,42.909,43.21,43.517,43.831,44.152,44.479,44.814,45.154,45.502,45.856,46.216,46.583,46.957,47.337,47.723,48.116,48.515
Urban population (% of total population),SP.URB.TOTL.IN.ZS,Brunei Darussalam,BRN,68.644,69.158,69.666,70.17,70.669,71.164,71.652,72.046,72.421,72.794,73.163,73.529,73.892,74.252,74.608,74.961,75.31,75.656,75.997,76.332,76.663,76.99,77.312,77.629,77.942,78.25
Urban population (% of total population),SP.URB.TOTL.IN.ZS,Bulgaria,BGR,67.782,68.007,68.231,68.454,68.677,68.899,69.166,69.524,69.879,70.233,70.584,70.932,71.278,71.622,71.963,72.302,72.638,72.975,73.313,73.651,73.99,74.329,74.669,75.008,75.347,75.686
Urban population (% of total population),SP.URB.TOTL.IN.ZS,Burkina Faso,BFA,15.131,15.407,15.875,16.51,17.166,17.844,18.54,19.258,19.996,20.757,21.537,22.339,22.996,23.534,24.079,24.633,25.196,25.767,26.346,26.934,27.53,28.134,28.743,29.358,29.98,30.607
Urban population (% of total population),SP.URB.TOTL.IN.ZS,Burundi,BDI,7.211,7.412,7.618,7.83,8.036,8.246,8.461,8.682,8.908,9.139,9.375,9.617,9.864,10.118,10.376,10.642,10.915,11.194,11.482,11.776,12.078,12.388,12.706,13.032,13.366,13.708
Urban population (% of total population),SP.URB.TOTL.IN.ZS,Cabo Verde,CPV,48.768,49.704,50.637,51.572,52.505,53.435,54.291,55.146,55.997,56.846,57.689,58.529,59.363,60.194,61.016,61.821,62.322,62.821,63.317,63.81,64.3,64.784,65.261,65.732,66.195,66.652
Urban population (% of total population),SP.URB.TOTL.IN.ZS,Cambodia,KHM,17.311,17.683,18.06,18.355,18.47,18.586,18.703,18.82,18.937,19.055,19.174,19.293,19.413,19.571,19.93,20.294,20.663,21.037,21.415,21.799,22.188,22.582,22.98,23.388,23.805,24.232
Urban population (% of total population),SP.URB.TOTL.IN.ZS,Cameroon,CMR,42.573,43.164,43.755,44.348,44.944,45.542,46.139,46.738,47.338,47.94,48.541,49.143,49.746,50.35,50.954,51.559,52.164,52.769,53.373,53.976,54.578,55.179,55.777,56.374,56.968,57.56
Urban population (% of total population),SP.URB.TOTL.IN.ZS,Canada,CAN,77.675,77.951,78.34,78.724,79.103,79.478,79.81,79.888,79.967,80.045,80.122,80.213,80.396,80.578,80.758,80.937,81.096,81.137,81.178,81.218,81.259,81.3,81.35,81.411,81.482,81.562
Urban population (% of total population),SP.URB.TOTL.IN.ZS,Cayman Islands,CYM,100,100,100,100,100,100,100,100,100,100,100,100,100,100,100,100,100,100,100,100,100,100,100,100,100,100
Urban population (% of total population),SP.URB.TOTL.IN.ZS,Central African Republic,CAF,37.231,37.312,37.394,37.475,37.557,37.639,37.72,37.802,37.884,37.966,38.069,38.193,38.339,38.506,38.694,38.904,39.135,39.388,39.663,39.959,40.277,40.618,40.98,41.364,41.77,42.198
Urban population (% of total population),SP.URB.TOTL.IN.ZS,Chad,TCD,21.473,21.506,21.538,21.571,21.604,21.637,21.67,21.702,21.735,21.768,21.801,21.834,21.868,21.901,21.934,21.985,22.054,22.142,22.248,22.372,22.515,22.677,22.858,23.059,23.279,23.52
Urban population (% of total population),SP.URB.TOTL.IN.ZS,Channel Islands,CHI,30.522,30.4,30.416,30.432,30.449,30.465,30.495,30.557,30.619,30.681,30.743,30.805,30.867,30.929,30.992,31.054,31.091,31.059,31.027,30.995,30.962,30.93,30.914,30.914,30.931,30.963
Urban population (% of total population),SP.URB.TOTL.IN.ZS,Chile,CHL,84.545,84.861,85.172,85.477,85.778,86.073,86.363,86.606,86.665,86.725,86.783,86.842,86.9,86.959,87.017,87.074,87.132,87.189,87.246,87.303,87.36,87.422,87.49,87.564,87.643,87.727
Urban population (% of total population),SP.URB.TOTL.IN.ZS,China,CHN,30.961,31.916,32.883,33.867,34.865,35.877,37.093,38.425,39.776,41.144,42.522,43.868,45.199,46.539,47.88,49.226,50.511,51.765,53.013,54.259,55.5,56.736,57.96,59.152,60.308,61.428
Urban population (% of total population),SP.URB.TOTL.IN.ZS,Colombia,COL,71.777,72.223,72.662,73.098,73.53,73.957,74.379,74.797,75.211,75.62,76.024,76.423,76.816,77.204,77.587,77.964,78.335,78.701,79.061,79.415,79.764,80.108,80.446,80.778,81.104,81.425
Urban population (% of total population),SP.URB.TOTL.IN.ZS,Comoros,COM,28.301,28.257,28.213,28.168,28.124,28.08,28.036,27.992,27.947,27.903,27.875,27.863,27.867,27.886,27.921,27.973,28.04,28.123,28.223,28.338,28.47,28.619,28.784,28.965,29.164,29.38
Urban population (% of total population),SP.URB.TOTL.IN.ZS,"Congo, Dem. Rep.",COD,32.838,33.289,33.742,34.199,34.659,35.122,35.587,36.055,36.526,37,37.481,37.971,38.47,38.976,39.491,40.013,40.544,41.082,41.627,42.18,42.74,43.307,43.88,44.46,45.046,45.638
Urban population (% of total population),SP.URB.TOTL.IN.ZS,"Congo, Rep.",COG,56.413,56.832,57.299,57.766,58.231,58.695,59.156,59.617,60.076,60.533,60.988,61.441,61.893,62.346,62.8,63.256,63.712,64.169,64.627,65.085,65.543,66.001,66.459,66.916,67.373,67.829
Urban population (% of total population),SP.URB.TOTL.IN.ZS,Costa Rica,CRI,54.561,55.467,56.367,57.264,58.157,59.052,60.41,61.753,63.08,64.388,65.672,66.935,68.174,69.39,70.575,71.736,72.868,73.946,74.97,75.941,76.862,77.735,78.56,79.34,80.076,80.771
Urban population (% of total population),SP.URB.TOTL.IN.ZS,Cote d'Ivoire,CIV,41.21,41.587,41.964,42.342,42.741,43.155,43.568,43.983,44.399,44.817,45.234,45.652,46.071,46.491,46.91,47.33,47.751,48.172,48.593,49.014,49.444,49.881,50.326,50.779,51.239,51.706
Urban population (% of total population),SP.URB.TOTL.IN.ZS,Croatia,HRV,52.279,52.509,52.739,52.968,53.198,53.428,53.642,53.81,53.979,54.147,54.315,54.483,54.651,54.819,54.987,55.155,55.322,55.506,55.706,55.923,56.155,56.403,56.667,56.947,57.242,57.553
Urban population (% of total population),SP.URB.TOTL.IN.ZS,Cuba,CUB,74.277,74.426,74.618,74.855,75.089,75.323,75.555,75.785,75.947,76.041,76.134,76.227,76.32,76.413,76.505,76.597,76.689,76.781,76.827,76.861,76.896,76.93,76.977,77.037,77.109,77.194
Urban population (% of total population),SP.URB.TOTL.IN.ZS,Curacao,CUW,87.68,88.358,89.002,89.615,90.198,90.752,91.011,90.894,90.775,90.655,90.534,90.411,90.287,90.161,90.034,89.905,89.775,89.654,89.544,89.443,89.352,89.272,89.203,89.145,89.098,89.062
Urban population (% of total population),SP.URB.TOTL.IN.ZS,Cyprus,CYP,68.038,68.161,68.283,68.405,68.527,68.648,68.769,68.694,68.553,68.41,68.268,68.125,67.982,67.839,67.695,67.551,67.406,67.261,67.137,67.031,66.946,66.881,66.836,66.81,66.805,66.821
Urban population (% of total population),SP.URB.TOTL.IN.ZS,Czechia,CZE,74.643,74.513,74.382,74.251,74.12,73.988,73.877,73.809,73.74,73.671,73.602,73.533,73.463,73.394,73.324,73.255,73.185,73.197,73.29,73.384,73.477,73.57,73.675,73.792,73.921,74.061
Urban population (% of total population),SP.URB.TOTL.IN.ZS,Denmark,DNK,84.979,85.006,85.033,85.06,85.086,85.1,85.15,85.25,85.36,85.566,85.856,86.098,86.293,86.487,86.654,86.795,86.957,87.142,87.292,87.41,87.526,87.642,87.757,87.874,87.994,88.116
Urban population (% of total population),SP.URB.TOTL.IN.ZS,Djibouti,DJI,76.3,76.347,76.393,76.439,76.485,76.532,76.578,76.624,76.67,76.716,76.761,76.807,76.853,76.899,76.944,76.999,77.064,77.138,77.222,77.314,77.417,77.528,77.648,77.777,77.915,78.062
Urban population (% of total population),SP.URB.TOTL.IN.ZS,Dominica,DMA,64.831,64.918,65.005,65.092,65.179,65.265,65.382,65.689,65.994,66.299,66.601,66.903,67.203,67.502,67.799,68.094,68.389,68.685,68.982,69.28,69.579,69.88,70.181,70.483,70.786,71.09
Urban population (% of total population),SP.URB.TOTL.IN.ZS,Dominican Republic,DOM,57.598,58.441,59.276,60.107,60.933,61.753,62.565,63.371,64.605,66.003,67.37,68.71,70.02,71.3,72.542,73.753,74.827,75.802,76.749,77.67,78.566,79.436,80.277,81.074,81.828,82.54
Urban population (% of total population),SP.URB.TOTL.IN.ZS,Ecuador,ECU,57.766,58.277,58.785,59.291,59.796,60.299,60.799,61.118,61.316,61.514,61.711,61.907,62.104,62.3,62.495,62.69,62.851,62.988,63.125,63.261,63.398,63.534,63.67,63.821,63.986,64.166
Urban population (% of total population),SP.URB.TOTL.IN.ZS,"Egypt, Arab Rep.",EGY,42.814,42.681,42.658,42.704,42.75,42.797,42.843,42.889,42.935,42.981,43.027,43.073,43.078,43.058,43.039,43.019,43,42.946,42.893,42.839,42.785,42.732,42.705,42.704,42.73,42.783
Urban population (% of total population),SP.URB.TOTL.IN.ZS,El Salvador,SLV,53.988,55.268,56.537,57.8,58.357,58.912,59.464,60.014,60.561,61.107,61.648,62.187,62.774,63.678,64.57,65.452,66.325,67.187,68.036,68.874,69.7,70.501,71.275,72.023,72.746,73.444
Urban population (% of total population),SP.URB.TOTL.IN.ZS,Equatorial Guinea,GNQ,40.494,42.187,43.893,45.616,47.35,49.092,50.832,52.573,54.307,56.033,57.74,59.431,61.1,62.745,64.358,65.94,67.488,69,69.544,70.083,70.616,71.138,71.646,72.143,72.627,73.1
Urban population (% of total population),SP.URB.TOTL.IN.ZS,Eritrea,ERI,22.514,23.293,24.088,24.903,25.735,26.587,27.455,28.341,29.244,30.164,31.099,32.051,33.017,34,34.585,35.175,35.771,36.372,36.979,37.59,38.206,38.827,39.451,40.08,40.712,41.347
Urban population (% of total population),SP.URB.TOTL.IN.ZS,Estonia,EST,70.3,70.111,69.923,69.733,69.543,69.368,69.242,69.116,68.989,68.862,68.735,68.607,68.479,68.351,68.223,68.094,67.965,67.974,68.122,68.269,68.416,68.563,68.717,68.88,69.051,69.229
Urban population (% of total population),SP.URB.TOTL.IN.ZS,Eswatini,SWZ,22.286,22.722,23.081,22.949,22.817,22.686,22.555,22.425,22.296,22.166,22.038,21.91,21.829,22.045,22.262,22.48,22.7,22.849,22.999,23.149,23.3,23.459,23.625,23.799,23.981,24.171
Urban population (% of total population),SP.URB.TOTL.IN.ZS,Ethiopia,ETH,13.827,14.006,14.186,14.369,14.553,14.74,14.927,15.118,15.31,15.504,15.7,15.899,16.116,16.51,16.91,17.319,17.735,18.16,18.575,18.998,19.428,19.866,20.31,20.763,21.225,21.695
Urban population (% of total population),SP.URB.TOTL.IN.ZS,Faroe Islands,FRO,34.071,34.822,35.354,35.654,35.86,36.337,37.175,38.022,38.714,39.247,39.781,40.147,40.341,40.536,40.731,40.926,41.088,41.225,41.363,41.501,41.638,41.777,41.914,42.064,42.225,42.398
Urban population (% of total population),SP.URB.TOTL.IN.ZS,Fiji,FJI,45.496,46.282,46.732,47.123,47.515,47.908,48.3,48.692,49.085,49.479,49.871,50.264,50.657,51.146,51.658,52.171,52.683,53.196,53.706,54.216,54.726,55.235,55.742,56.248,56.75,57.247
Urban population (% of total population),SP.URB.TOTL.IN.ZS,Finland,FIN,80.963,81.223,81.466,81.707,81.946,82.183,82.368,82.503,82.638,82.772,82.905,83.037,83.168,83.299,83.429,83.77,84.313,84.841,85.125,85.175,85.225,85.275,85.325,85.382,85.446,85.517
Urban population (% of total population),SP.URB.TOTL.IN.ZS,France,FRA,74.912,75.082,75.25,75.417,75.614,75.871,76.127,76.38,76.632,76.883,77.13,77.377,77.621,77.868,78.117,78.369,78.622,78.878,79.135,79.394,79.655,79.917,80.18,80.444,80.709,80.975
Urban population (% of total population),SP.URB.TOTL.IN.ZS,French Polynesia,PYF,56.637,56.393,56.285,56.205,56.126,56.047,55.967,55.888,56.242,56.831,57.417,58.002,58.585,59.166,59.742,60.317,60.889,61.459,61.583,61.633,61.683,61.734,61.784,61.834,61.897,61.975
Urban population (% of total population),SP.URB.TOTL.IN.ZS,Gabon,GAB,74.797,75.654,76.49,77.306,78.102,78.879,79.633,80.368,81.083,81.778,82.452,83.107,83.742,84.359,84.955,85.533,86.092,86.634,87.156,87.651,88.118,88.559,88.976,89.37,89.741,90.092
Urban population (% of total population),SP.URB.TOTL.IN.ZS,"Gambia, The",GMB,43.362,44.258,45.155,46.057,46.961,47.868,48.775,49.683,50.555,51.288,52.02,52.751,53.481,54.211,54.937,55.662,56.384,57.105,57.82,58.528,59.228,59.918,60.599,61.27,61.931,62.582
Urban population (% of total population),SP.URB.TOTL.IN.ZS,Georgia,GEO,53.841,53.6,53.36,53.12,52.879,52.638,52.398,52.441,52.83,53.218,53.605,53.992,54.379,54.765,55.15,55.535,55.919,56.303,56.685,57.067,57.448,57.837,58.231,58.632,59.039,59.453
Urban population (% of total population),SP.URB.TOTL.IN.ZS,Germany,DEU,73.922,74.133,74.342,74.551,74.758,74.965,75.17,75.374,75.577,75.779,75.98,76.179,76.378,76.575,76.771,76.966,77.16,77.17,77.18,77.19,77.2,77.224,77.261,77.312,77.376,77.453
Urban population (% of total population),SP.URB.TOTL.IN.ZS,Ghana,GHA,40.14,40.896,41.654,42.418,43.184,43.929,44.601,45.275,45.951,46.63,47.308,47.988,48.669,49.351,50.031,50.713,51.394,52.073,52.748,53.419,54.086,54.749,55.407,56.06,56.707,57.349
Urban population (% of total population),SP.URB.TOTL.IN.ZS,Gibraltar,GIB,100,100,100,100,100,100,100,100,100,100,100,100,100,100,100,100,100,100,100,100,100,100,100,100,100,100
Urban population (% of total population),SP.URB.TOTL.IN.ZS,Greece,GRC,72.119,72.239,72.358,72.478,72.597,72.716,72.913,73.303,73.689,74.073,74.452,74.827,75.199,75.568,75.932,76.292,76.649,77.004,77.355,77.702,78.046,78.387,78.724,79.058,79.388,79.715
Urban population (% of total population),SP.URB.TOTL.IN.ZS,Greenland,GRL,80.902,81.1,81.226,81.351,81.476,81.6,81.849,82.095,82.338,82.58,82.858,83.172,83.482,83.787,84.087,84.383,84.755,85.2,85.551,85.813,86.071,86.326,86.574,86.816,87.052,87.282
Urban population (% of total population),SP.URB.TOTL.IN.ZS,Grenada,GRD,34.47,34.714,34.959,35.204,35.45,35.698,35.919,35.913,35.907,35.901,35.895,35.889,35.883,35.877,35.871,35.865,35.859,35.869,35.896,35.938,35.997,36.072,36.164,36.272,36.396,36.537
Urban population (% of total population),SP.URB.TOTL.IN.ZS,Guam,GUM,92.055,92.287,92.513,92.733,92.946,93.129,93.233,93.334,93.435,93.534,93.631,93.727,93.822,93.916,94.008,94.099,94.188,94.277,94.364,94.449,94.534,94.617,94.699,94.78,94.859,94.938
Urban population (% of total population),SP.URB.TOTL.IN.ZS,Guatemala,GTM,43.654,43.989,44.323,44.659,44.995,45.332,45.668,46.005,46.318,46.616,46.913,47.21,47.508,47.807,48.104,48.403,48.701,49,49.311,49.634,49.971,50.319,50.68,51.054,51.439,51.836
Urban population (% of total population),SP.URB.TOTL.IN.ZS,Guinea,GIN,29.475,29.77,30.052,30.323,30.595,30.869,31.144,31.42,31.698,31.977,32.257,32.539,32.822,33.106,33.391,33.678,33.966,34.255,34.545,34.836,35.141,35.46,35.793,36.14,36.5,36.875
Urban population (% of total population),SP.URB.TOTL.IN.ZS,Guinea-Bissau,GNB,34.371,34.742,35.114,35.488,35.865,36.243,36.622,37.004,37.387,37.772,38.157,38.545,38.934,39.325,39.716,40.111,40.508,40.908,41.31,41.715,42.123,42.533,42.945,43.36,43.777,44.196
Urban population (% of total population),SP.URB.TOTL.IN.ZS,Guyana,GUY,29.137,29.048,28.959,28.871,28.782,28.694,28.606,28.518,28.307,28.064,27.822,27.582,27.343,27.105,26.869,26.634,26.4,26.4,26.4,26.414,26.441,26.482,26.538,26.606,26.689,26.786
Urban population (% of total population),SP.URB.TOTL.IN.ZS,Haiti,HTI,32.59,33.2,33.792,34.389,34.992,35.6,37.251,38.935,40.645,41.679,42.638,43.604,44.574,45.551,46.528,47.509,48.492,49.477,50.46,51.444,52.427,53.396,54.346,55.278,56.192,57.088
Urban population (% of total population),SP.URB.TOTL.IN.ZS,Honduras,HND,42.941,43.442,43.944,44.447,44.952,45.458,45.964,46.61,47.267,47.927,48.585,49.245,49.905,50.566,51.225,51.885,52.543,53.202,53.858,54.514,55.165,55.813,56.457,57.096,57.73,58.359
Urban population (% of total population),SP.URB.TOTL.IN.ZS,"Hong Kong SAR, China",HKG,100,100,100,100,100,100,100,100,100,100,100,100,100,100,100,100,100,100,100,100,100,100,100,100,100,100
Urban population (% of total population),SP.URB.TOTL.IN.ZS,Hungary,HUN,65.209,65.083,64.956,64.829,64.702,64.575,64.67,65.081,65.489,65.896,66.365,66.895,67.421,67.943,68.46,68.911,69.358,69.678,69.953,70.227,70.5,70.779,71.062,71.351,71.644,71.942
Urban population (% of total population),SP.URB.TOTL.IN.ZS,Iceland,ISL,91.63,91.797,91.96,92.121,92.267,92.401,92.532,92.662,92.789,92.914,93.037,93.159,93.278,93.395,93.511,93.574,93.587,93.6,93.633,93.667,93.7,93.735,93.773,93.813,93.855,93.898
Urban population (% of total population),SP.URB.TOTL.IN.ZS,India,IND,26.607,26.817,27.028,27.24,27.453,27.667,27.918,28.244,28.572,28.903,29.235,29.569,29.906,30.246,30.587,30.93,31.276,31.634,32.003,32.384,32.777,33.182,33.6,34.03,34.472,34.926
Urban population (% of total population),SP.URB.TOTL.IN.ZS,Indonesia,IDN,36.076,37.235,38.406,39.593,40.792,42.002,42.783,43.568,44.356,45.149,45.942,46.738,47.535,48.335,49.134,49.914,50.595,51.276,51.955,52.635,53.313,53.989,54.659,55.325,55.985,56.641
Urban population (% of total population),SP.URB.TOTL.IN.ZS,"Iran, Islamic Rep.",IRN,60.236,61.087,61.853,62.588,63.318,64.042,64.758,65.468,66.172,66.869,67.558,68.239,68.864,69.458,70.045,70.626,71.2,71.755,72.295,72.83,73.358,73.88,74.394,74.898,75.391,75.874
Urban population (% of total population),SP.URB.TOTL.IN.ZS,Iraq,IRQ,68.78,68.593,68.405,68.388,68.442,68.496,68.55,68.604,68.658,68.712,68.766,68.819,68.873,68.927,68.98,69.103,69.268,69.432,69.595,69.758,69.921,70.094,70.278,70.473,70.678,70.893
Urban population (% of total population),SP.URB.TOTL.IN.ZS,Ireland,IRL,57.949,58.173,58.419,58.664,58.91,59.155,59.399,59.649,59.925,60.202,60.477,60.738,60.94,61.141,61.342,61.542,61.742,61.942,62.141,62.34,62.538,62.737,62.947,63.17,63.405,63.653
Urban population (% of total population),SP.URB.TOTL.IN.ZS,Isle of Man,IMN,51.783,51.792,51.8,51.808,51.815,51.823,51.833,51.851,51.869,51.887,51.905,51.922,51.94,51.958,51.976,51.994,52.012,52.046,52.096,52.162,52.245,52.343,52.458,52.588,52.735,52.898
Urban population (% of total population),SP.URB.TOTL.IN.ZS,Israel,ISR,90.866,90.943,91.009,91.074,91.139,91.203,91.267,91.33,91.393,91.456,91.518,91.58,91.641,91.702,91.763,91.826,91.892,91.96,92.031,92.104,92.179,92.256,92.336,92.418,92.501,92.587
Urban population (% of total population),SP.URB.TOTL.IN.ZS,Italy,ITA,66.922,66.982,67.042,67.102,67.162,67.222,67.282,67.382,67.501,67.62,67.738,67.856,67.974,68.092,68.209,68.327,68.444,68.684,68.979,69.272,69.565,69.855,70.144,70.438,70.736,71.039
Urban population (% of total population),SP.URB.TOTL.IN.ZS,Jamaica,JAM,50.615,50.855,51.095,51.335,51.574,51.814,52.053,52.251,52.437,52.625,52.811,52.998,53.184,53.371,53.557,53.743,53.93,54.132,54.35,54.584,54.833,55.098,55.378,55.674,55.985,56.311
Urban population (% of total population),SP.URB.TOTL.IN.ZS,Japan,JPN,78.016,78.145,78.272,78.398,78.523,78.649,79.99,81.647,83.196,84.64,85.978,87.118,88.146,89.103,89.989,90.812,91.069,91.148,91.226,91.304,91.381,91.457,91.535,91.616,91.698,91.782
Urban population (% of total population),SP.URB.TOTL.IN.ZS,Jordan,JOR,78.207,78.22,78.232,78.245,78.258,78.27,78.283,78.296,78.308,78.321,79.485,80.97,82.371,83.692,84.928,86.088,87.172,88.185,89.125,90,90.256,90.506,90.747,90.979,91.203,91.418
Urban population (% of total population),SP.URB.TOTL.IN.ZS,Kazakhstan,KAZ,55.921,55.943,55.964,55.986,56.025,56.098,56.171,56.244,56.317,56.39,56.463,56.536,56.609,56.682,56.755,56.827,56.9,56.973,57.046,57.118,57.191,57.264,57.336,57.428,57.54,57.671
Urban population (% of total population),SP.URB.TOTL.IN.ZS,Kenya,KEN,18.263,18.579,18.898,19.222,19.55,19.892,20.239,20.591,20.948,21.31,21.675,22.045,22.42,22.8,23.183,23.571,23.969,24.376,24.794,25.221,25.658,26.105,26.562,27.03,27.507,27.995
Urban population (% of total population),SP.URB.TOTL.IN.ZS,Kiribati,KIR,36.409,37.386,38.752,40.138,41.54,42.958,43.473,43.492,43.512,43.532,43.551,44.03,44.866,45.706,46.547,47.39,48.235,49.082,49.927,50.773,51.619,52.45,53.262,54.057,54.835,55.594
Urban population (% of total population),SP.URB.TOTL.IN.ZS,"Korea, Dem. People's Rep.",PRK,59.018,59.097,59.176,59.255,59.334,59.412,59.491,59.57,59.648,59.727,59.805,59.884,59.962,60.04,60.195,60.377,60.557,60.738,60.918,61.098,61.277,61.471,61.678,61.899,62.134,62.381
Urban population (% of total population),SP.URB.TOTL.IN.ZS,"Korea, Rep.",KOR,78.239,78.662,78.905,79.145,79.384,79.621,79.94,80.299,80.652,81.002,81.345,81.528,81.631,81.733,81.835,81.936,81.923,81.851,81.779,81.707,81.634,81.562,81.503,81.459,81.43,81.414
Urban population (% of total population),SP.URB.TOTL.IN.ZS,Kosovo,XKX,..,..,..,..,..,..,..,..,..,..,..,..,..,..,..,..,..,..,..,..,..,..,..,..,..,..
Urban population (% of total population),SP.URB.TOTL.IN.ZS,Kuwait,KWT,98.096,98.325,98.527,98.705,98.862,99,99.908,100,100,100,100,100,100,100,100,100,100,100,100,100,100,100,100,100,100,100
Urban population (% of total population),SP.URB.TOTL.IN.ZS,Kyrgyz Republic,KGZ,36.349,36.066,35.785,35.504,35.3,35.298,35.296,35.295,35.293,35.292,35.29,35.289,35.287,35.285,35.284,35.306,35.352,35.423,35.517,35.635,35.777,35.944,36.135,36.351,36.591,36.856
Urban population (% of total population),SP.URB.TOTL.IN.ZS,Lao PDR,LAO,17.378,18.234,19.12,20.039,20.991,21.977,22.993,24.044,25.126,26.242,27.186,27.748,28.316,28.893,29.475,30.064,30.66,31.264,31.872,32.487,33.108,33.736,34.368,35.004,35.645,36.29
Urban population (% of total population),SP.URB.TOTL.IN.ZS,Latvia,LVA,68.75,68.65,68.6,68.451,68.22,68.067,67.95,67.85,67.8,67.9,68,67.967,67.9,67.834,67.814,67.841,67.869,67.897,67.925,67.952,67.98,68.021,68.075,68.142,68.222,68.315
Urban population (% of total population),SP.URB.TOTL.IN.ZS,Lebanon,LBN,84.82,85.142,85.459,85.77,85.885,86,86.118,86.24,86.366,86.494,86.627,86.762,86.901,87.042,87.187,87.334,87.484,87.636,87.79,87.947,88.106,88.266,88.429,88.593,88.758,88.925
Urban population (% of total population),SP.URB.TOTL.IN.ZS,Lesotho,LSO,16.955,17.571,18.049,18.538,19.038,19.548,20.067,20.597,21.137,21.689,22.249,22.82,23.304,23.796,24.293,24.798,25.31,25.704,26.101,26.502,26.908,27.317,27.73,28.153,28.585,29.028
Urban population (% of total population),SP.URB.TOTL.IN.ZS,Liberia,LBR,45.96,42.964,43.304,43.646,43.988,44.331,44.673,45.017,45.361,45.706,46.051,46.396,46.742,47.088,47.445,47.813,48.193,48.583,48.985,49.397,49.82,50.254,50.697,51.151,51.615,52.089
Urban population (% of total population),SP.URB.TOTL.IN.ZS,Libya,LBY,75.994,76.048,76.114,76.193,76.284,76.387,76.502,76.629,76.768,76.919,77.08,77.253,77.437,77.632,77.837,78.052,78.277,78.512,78.756,79.009,79.27,79.54,79.817,80.102,80.393,80.691
Urban population (% of total population),SP.URB.TOTL.IN.ZS,Liechtenstein,LIE,16.482,16.29,15.994,15.702,15.414,15.13,14.962,14.906,14.85,14.795,14.739,14.684,14.629,14.574,14.519,14.464,14.41,14.367,14.334,14.313,14.303,14.303,14.315,14.338,14.371,14.416
Urban population (% of total population),SP.URB.TOTL.IN.ZS,Lithuania,LTU,67.285,67.225,67.166,67.106,67.046,66.986,66.919,66.828,66.737,66.646,66.635,66.706,66.777,66.848,66.842,66.757,66.741,66.864,66.986,67.108,67.23,67.366,67.516,67.679,67.855,68.046
Urban population (% of total population),SP.URB.TOTL.IN.ZS,Luxembourg,LUX,82.893,82.825,82.779,82.893,83.448,84.216,84.843,85.299,85.743,86.177,86.598,87.009,87.409,87.8,88.178,88.547,88.906,89.249,89.574,89.884,90.179,90.46,90.727,90.981,91.223,91.453
Urban population (% of total population),SP.URB.TOTL.IN.ZS,"Macao SAR, China",MAC,99.91,99.98,100,100,100,100,100,100,100,100,100,100,100,100,100,100,100,100,100,100,100,100,100,100,100,100
Urban population (% of total population),SP.URB.TOTL.IN.ZS,Madagascar,MDG,25.796,26.058,26.321,26.586,26.853,27.121,27.391,27.663,27.936,28.211,28.814,29.425,30.043,30.67,31.301,31.938,32.58,33.227,33.878,34.534,35.193,35.856,36.522,37.191,37.861,38.534
Urban population (% of total population),SP.URB.TOTL.IN.ZS,Malawi,MWI,13.263,13.629,14.002,14.384,14.522,14.61,14.698,14.786,14.875,14.964,15.054,15.144,15.235,15.326,15.429,15.544,15.672,15.812,15.966,16.132,16.313,16.506,16.714,16.937,17.174,17.427
Urban population (% of total population),SP.URB.TOTL.IN.ZS,Malaysia,MYS,55.688,56.969,58.237,59.496,60.742,61.977,62.922,63.856,64.78,65.694,66.594,67.483,68.36,69.225,70.075,70.912,71.609,72.275,72.93,73.577,74.213,74.84,75.447,76.036,76.607,77.16
Urban population (% of total population),SP.URB.TOTL.IN.ZS,Maldives,MDV,25.638,26.008,26.379,26.755,27.134,27.706,28.859,30.042,31.252,32.49,33.75,34.794,35.2,35.61,36.021,36.434,36.849,37.267,37.685,38.106,38.529,38.954,39.38,39.808,40.238,40.669
Urban population (% of total population),SP.URB.TOTL.IN.ZS,Mali,MLI,25.519,25.975,26.434,26.948,27.646,28.356,29.075,29.806,30.547,31.3,32.06,32.832,33.612,34.403,35.2,35.999,36.799,37.599,38.398,39.196,39.991,40.783,41.572,42.356,43.136,43.909
Urban population (% of total population),SP.URB.TOTL.IN.ZS,Malta,MLT,90.946,91.181,91.492,91.793,92.085,92.368,92.641,92.905,93.16,93.407,93.645,93.784,93.857,93.929,94.001,94.072,94.141,94.211,94.279,94.347,94.414,94.48,94.546,94.612,94.678,94.744
Urban population (% of total population),SP.URB.TOTL.IN.ZS,Marshall Islands,MHL,66.727,67.058,67.385,67.712,68.053,68.58,69.101,69.618,70.13,70.637,71.138,71.635,72.126,72.613,73.093,73.568,74.038,74.498,74.946,75.384,75.811,76.228,76.634,77.031,77.417,77.794
Urban population (% of total population),SP.URB.TOTL.IN.ZS,Mauritania,MRT,38.705,38.582,38.459,38.337,38.214,38.091,38.616,39.48,40.351,41.229,42.111,42.998,43.89,44.788,45.686,46.588,47.493,48.4,49.306,50.203,51.089,51.962,52.824,53.672,54.507,55.327
Urban population (% of total population),SP.URB.TOTL.IN.ZS,Mauritius,MUS,43.284,43.161,43.038,42.916,42.793,42.67,42.559,42.447,42.335,42.223,42.112,42,41.889,41.777,41.666,41.555,41.444,41.332,41.222,41.111,41,40.91,40.841,40.793,40.766,40.76
Urban population (% of total population),SP.URB.TOTL.IN.ZS,Mexico,MEX,73.368,73.67,73.929,74.186,74.441,74.722,75.045,75.365,75.682,75.997,76.308,76.616,76.92,77.222,77.52,77.815,78.111,78.405,78.699,78.993,79.285,79.577,79.867,80.156,80.444,80.731
Urban population (% of total population),SP.URB.TOTL.IN.ZS,"Micronesia, Fed. Sts.",FSM,25.068,24.473,23.889,23.314,22.749,22.33,22.33,22.33,22.33,22.33,22.33,22.324,22.317,22.311,22.305,22.298,22.305,22.324,22.355,22.399,22.456,22.526,22.608,22.703,22.812,22.933
Urban population (% of total population),SP.URB.TOTL.IN.ZS,Moldova,MDA,46.294,46.2,45.797,45.394,44.992,44.589,44.189,43.789,43.389,42.99,42.775,42.744,42.713,42.682,42.651,42.62,42.589,42.558,42.527,42.496,42.49,42.511,42.557,42.629,42.726,42.849
Urban population (% of total population),SP.URB.TOTL.IN.ZS,Monaco,MCO,100,100,100,100,100,100,100,100,100,100,100,100,100,100,100,100,100,100,100,100,100,100,100,100,100,100
Urban population (% of total population),SP.URB.TOTL.IN.ZS,Mongolia,MNG,56.805,56.76,56.714,56.669,56.623,57.133,58.222,59.304,60.378,61.443,62.494,63.535,64.564,65.581,66.58,67.567,67.963,68.03,68.097,68.163,68.23,68.297,68.363,68.445,68.543,68.657
Urban population (% of total population),SP.URB.TOTL.IN.ZS,Montenegro,MNE,53.365,54.412,55.451,56.488,57.518,58.544,59.559,60.568,61.568,62.127,62.465,62.803,63.139,63.475,63.808,64.14,64.472,64.804,65.137,65.471,65.806,66.141,66.477,66.813,67.15,67.488
Urban population (% of total population),SP.URB.TOTL.IN.ZS,Morocco,MAR,51.692,52.022,52.35,52.678,53.007,53.335,53.662,53.99,54.317,54.644,55.174,55.746,56.317,56.886,57.452,58.018,58.581,59.142,59.7,60.256,60.809,61.36,61.908,62.453,62.994,63.532
Urban population (% of total population),SP.URB.TOTL.IN.ZS,Mozambique,MOZ,27.495,28.013,28.535,28.742,28.92,29.098,29.277,29.457,29.637,29.818,29.999,30.182,30.364,30.832,31.328,31.83,32.336,32.846,33.36,33.878,34.4,34.926,35.455,35.988,36.528,37.074
Urban population (% of total population),SP.URB.TOTL.IN.ZS,Myanmar,MMR,26.124,26.303,26.482,26.663,26.843,27.025,27.208,27.391,27.575,27.76,27.946,28.132,28.319,28.507,28.695,28.885,29.075,29.266,29.457,29.65,29.858,30.082,30.322,30.579,30.852,31.141
Urban population (% of total population),SP.URB.TOTL.IN.ZS,Namibia,NAM,29.813,30.316,30.823,31.335,31.851,32.373,32.898,33.766,34.709,35.666,36.632,37.61,38.598,39.597,40.601,41.616,42.637,43.693,44.756,45.826,46.9,47.961,49.005,50.032,51.042,52.033
Urban population (% of total population),SP.URB.TOTL.IN.ZS,Nauru,NRU,100,100,100,100,100,100,100,100,100,100,100,100,100,100,100,100,100,100,100,100,100,100,100,100,100,100
Urban population (% of total population),SP.URB.TOTL.IN.ZS,Nepal,NPL,10.883,11.35,11.834,12.336,12.857,13.397,13.947,14.24,14.538,14.841,15.149,15.462,15.781,16.105,16.434,16.768,17.108,17.458,17.815,18.182,18.557,18.942,19.336,19.74,20.153,20.576
Urban population (% of total population),SP.URB.TOTL.IN.ZS,Netherlands,NLD,72.809,73.64,74.453,75.25,76.03,76.795,77.83,79.113,80.341,81.514,82.63,83.636,84.539,85.402,86.288,87.134,87.879,88.588,89.187,89.69,90.173,90.635,91.077,91.49,91.876,92.236
Urban population (% of total population),SP.URB.TOTL.IN.ZS,New Caledonia,NCL,60.288,60.475,60.838,61.199,61.559,61.919,62.276,62.632,62.987,63.341,63.965,64.638,65.306,65.969,66.624,67.102,67.565,68.024,68.479,68.931,69.379,69.821,70.256,70.683,71.104,71.518
Urban population (% of total population),SP.URB.TOTL.IN.ZS,New Zealand,NZL,85.553,85.7,85.781,85.861,85.941,86.021,86.1,86.161,86.221,86.281,86.341,86.4,86.34,86.28,86.22,86.16,86.1,86.161,86.221,86.281,86.341,86.4,86.466,86.538,86.615,86.699
Urban population (% of total population),SP.URB.TOTL.IN.ZS,Nicaragua,NIC,54.437,54.587,54.737,54.886,55.036,55.185,55.335,55.484,55.633,55.782,55.935,56.132,56.328,56.525,56.721,56.917,57.113,57.309,57.505,57.7,57.895,58.09,58.299,58.522,58.76,59.012
Urban population (% of total population),SP.URB.TOTL.IN.ZS,Niger,NER,15.773,15.855,15.937,16.02,16.103,16.186,16.26,16.255,16.251,16.247,16.242,16.238,16.234,16.229,16.225,16.221,16.216,16.212,16.208,16.219,16.247,16.29,16.35,16.425,16.517,16.626
Urban population (% of total population),SP.URB.TOTL.IN.ZS,Nigeria,NGA,32.205,32.725,33.247,33.773,34.304,34.84,35.669,36.508,37.356,38.212,39.074,39.943,40.819,41.702,42.588,43.48,44.366,45.246,46.118,46.982,47.838,48.683,49.519,50.344,51.157,51.958
Urban population (% of total population),SP.URB.TOTL.IN.ZS,North Macedonia,MKD,59.587,59.38,59.172,58.965,58.757,58.548,58.339,58.13,57.921,57.711,57.532,57.383,57.264,57.175,57.117,57.089,57.092,57.125,57.189,57.284,57.408,57.563,57.748,57.963,58.208,58.482
Urban population (% of total population),SP.URB.TOTL.IN.ZS,Northern Mariana Islands,MNP,89.557,89.655,89.784,89.912,90.038,90.152,90.235,90.316,90.398,90.478,90.558,90.638,90.716,90.795,90.872,90.949,91.028,91.108,91.19,91.273,91.357,91.443,91.53,91.618,91.708,91.798
Urban population (% of total population),SP.URB.TOTL.IN.ZS,Norway,NOR,73.787,74.062,74.476,75.027,75.569,76.02,76.378,76.733,77.084,77.399,77.675,77.95,78.234,78.526,78.815,79.102,79.455,79.874,80.286,80.692,81.091,81.485,81.871,82.248,82.616,82.974
Urban population (% of total population),SP.URB.TOTL.IN.ZS,Oman,OMN,71.669,71.649,71.629,71.609,71.589,71.569,71.549,71.529,71.509,71.827,72.4,72.967,73.527,74.08,74.624,75.161,76.183,77.564,78.882,80.145,81.35,82.5,83.56,84.539,85.443,86.276
Urban population (% of total population),SP.URB.TOTL.IN.ZS,Pakistan,PAK,31.836,32.092,32.348,32.585,32.783,32.982,33.18,33.38,33.58,33.781,33.982,34.184,34.387,34.59,34.793,34.997,35.202,35.408,35.613,35.819,36.026,36.234,36.442,36.666,36.907,37.165
Urban population (% of total population),SP.URB.TOTL.IN.ZS,Palau,PLW,71.431,71.306,71.066,70.825,70.582,70.338,70.093,69.847,69.6,70.383,71.152,71.91,72.655,73.389,74.109,74.817,75.511,76.194,76.862,77.517,78.159,78.775,79.365,79.93,80.47,80.988
Urban population (% of total population),SP.URB.TOTL.IN.ZS,Panama,PAN,58.141,58.978,59.807,60.632,61.451,62.198,62.497,62.794,63.091,63.387,63.682,63.976,64.268,64.56,64.851,65.14,65.437,65.741,66.052,66.371,66.696,67.027,67.365,67.709,68.059,68.414
Urban population (% of total population),SP.URB.TOTL.IN.ZS,Papua New Guinea,PNG,14.081,13.901,13.724,13.549,13.375,13.204,13.182,13.164,13.146,13.127,13.109,13.091,13.073,13.055,13.037,13.019,13,12.982,12.978,12.988,13.012,13.05,13.102,13.169,13.25,13.345
Urban population (% of total population),SP.URB.TOTL.IN.ZS,Paraguay,PRY,52.131,52.774,53.414,54.054,54.693,55.331,55.966,56.6,56.977,57.305,57.633,57.96,58.286,58.612,58.937,59.261,59.584,59.907,60.197,60.474,60.75,61.026,61.3,61.585,61.879,62.183
Urban population (% of total population),SP.URB.TOTL.IN.ZS,Peru,PER,70.951,71.377,71.798,72.216,72.631,73.042,73.448,73.85,74.249,74.644,75.034,75.421,75.803,76.052,76.241,76.43,76.617,76.804,76.989,77.173,77.357,77.539,77.72,77.907,78.099,78.297
Urban population (% of total population),SP.URB.TOTL.IN.ZS,Philippines,PHL,46.56,46.475,46.39,46.305,46.22,46.135,46.05,45.965,45.88,45.795,45.71,45.625,45.54,45.455,45.371,45.332,45.522,45.712,45.903,46.093,46.284,46.475,46.682,46.907,47.149,47.408
Urban population (% of total population),SP.URB.TOTL.IN.ZS,Poland,POL,61.493,61.538,61.583,61.627,61.672,61.716,61.761,61.787,61.676,61.564,61.452,61.341,61.229,61.116,61.004,60.892,60.78,60.654,60.529,60.403,60.278,60.178,60.105,60.058,60.037,60.043
Urban population (% of total population),SP.URB.TOTL.IN.ZS,Portugal,PRT,51.109,51.77,52.428,53.086,53.743,54.399,55.044,55.666,56.287,56.907,57.522,58.137,58.749,59.359,59.964,60.567,61.167,61.763,62.352,62.936,63.514,64.086,64.652,65.211,65.764,66.31
Urban population (% of total population),SP.URB.TOTL.IN.ZS,Puerto Rico (US),PRI,93.729,93.876,94.02,94.161,94.298,94.387,94.333,94.278,94.224,94.168,94.112,94.056,93.999,93.942,93.884,93.825,93.773,93.726,93.686,93.651,93.624,93.602,93.587,93.578,93.576,93.581
Urban population (% of total population),SP.URB.TOTL.IN.ZS,Qatar,QAT,94.998,95.356,95.659,95.888,96.105,96.311,96.506,96.692,96.868,97.09,97.396,97.671,97.917,98.139,98.336,98.501,98.602,98.697,98.785,98.868,98.945,99.015,99.078,99.135,99.188,99.235
Urban population (% of total population),SP.URB.TOTL.IN.ZS,Romania,ROU,53.769,53.616,53.463,53.311,53.158,53.004,52.852,52.78,52.912,53.043,53.174,53.305,53.436,53.567,53.698,53.829,53.96,53.974,53.937,53.9,53.887,53.9,53.936,53.998,54.084,54.194
Urban population (% of total population),SP.URB.TOTL.IN.ZS,Russian Federation,RUS,73.372,73.367,73.363,73.359,73.354,73.35,73.346,73.341,73.373,73.418,73.463,73.508,73.553,73.598,73.642,73.687,73.732,73.791,73.863,73.95,74.05,74.164,74.292,74.433,74.587,74.754
Urban population (% of total population),SP.URB.TOTL.IN.ZS,Rwanda,RWA,9.837,11.374,12.466,13.244,14.064,14.926,15.829,16.777,16.904,16.908,16.912,16.917,16.921,16.925,16.93,16.934,16.938,16.943,16.947,16.967,17.004,17.056,17.125,17.211,17.313,17.432
Urban population (% of total population),SP.URB.TOTL.IN.ZS,Samoa,WSM,21.526,21.616,21.705,21.796,21.886,21.977,22.068,21.941,21.698,21.457,21.218,20.981,20.75,20.524,20.3,20.078,19.857,19.624,19.385,19.149,18.914,18.681,18.452,18.243,18.056,17.889
Urban population (% of total population),SP.URB.TOTL.IN.ZS,San Marino,SMR,91.664,92.052,92.422,92.776,93.115,93.44,93.75,93.925,93.975,94.155,94.453,94.736,95.007,95.264,95.508,95.74,95.961,96.171,96.37,96.559,96.739,96.91,97.072,97.226,97.368,97.499
Urban population (% of total population),SP.URB.TOTL.IN.ZS,Sao Tome and Principe,STP,48.631,49.592,50.55,51.509,52.467,53.424,54.377,55.555,56.766,57.972,59.165,60.348,61.52,62.68,63.823,64.952,66.064,67.16,68.208,69.213,70.174,71.092,71.968,72.803,73.598,74.354
Urban population (% of total population),SP.URB.TOTL.IN.ZS,Saudi Arabia,SAU,78.67,78.91,79.147,79.383,79.616,79.848,80.077,80.304,80.53,80.754,80.979,81.204,81.427,81.649,81.867,82.084,82.302,82.52,82.74,82.96,83.18,83.401,83.622,83.844,84.065,84.287
Urban population (% of total population),SP.URB.TOTL.IN.ZS,Senegal,SEN,39.606,39.749,39.891,40.034,40.177,40.32,40.464,40.607,40.898,41.306,41.714,42.124,42.535,42.947,43.359,43.773,44.188,44.603,45.019,45.436,45.862,46.296,46.74,47.192,47.653,48.122
Urban population (% of total population),SP.URB.TOTL.IN.ZS,Serbia,SRB,51.651,51.875,52.098,52.322,52.545,52.769,52.992,53.215,53.437,53.661,53.883,54.105,54.328,54.55,54.772,54.993,55.215,55.356,55.469,55.583,55.696,55.81,55.942,56.092,56.26,56.446
Urban population (% of total population),SP.URB.TOTL.IN.ZS,Seychelles,SYC,49.633,49.758,49.901,50.061,50.238,50.433,50.646,50.876,51.123,51.388,51.67,51.969,52.285,52.619,52.969,53.336,53.72,54.12,54.537,54.969,55.4,55.831,56.261,56.691,57.119,57.546
Urban population (% of total population),SP.URB.TOTL.IN.ZS,Sierra Leone,SLE,34.429,34.667,34.905,35.144,35.384,35.626,35.867,36.109,36.352,36.596,36.919,37.303,37.689,38.077,38.466,38.856,39.248,39.642,40.036,40.432,40.829,41.228,41.636,42.055,42.484,42.923
Urban population (% of total population),SP.URB.TOTL.IN.ZS,Singapore,SGP,100,100,100,100,100,100,100,100,100,100,100,100,100,100,100,100,100,100,100,100,100,100,100,100,100,100
Urban population (% of total population),SP.URB.TOTL.IN.ZS,Sint Maarten (Dutch part),SXM,100,100,100,100,100,100,100,100,100,100,100,100,100,100,100,100,100,100,100,100,100,100,100,100,100,100
Urban population (% of total population),SP.URB.TOTL.IN.ZS,Slovak Republic,SVK,56.537,56.476,56.416,56.355,56.294,56.233,56.163,56.013,55.863,55.713,55.563,55.412,55.261,55.111,54.96,54.685,54.42,54.28,54.14,54,53.889,53.806,53.751,53.726,53.729,53.76
Urban population (% of total population),SP.URB.TOTL.IN.ZS,Slovenia,SVN,50.622,50.649,50.675,50.701,50.728,50.754,50.78,50.857,51.082,51.308,51.533,51.758,51.983,52.209,52.433,52.658,52.883,53.108,53.332,53.557,53.781,54.02,54.273,54.541,54.822,55.118
Urban population (% of total population),SP.URB.TOTL.IN.ZS,Solomon Islands,SLB,14.664,14.869,15.076,15.285,15.496,15.813,16.201,16.597,17.001,17.413,17.832,18.259,18.694,19.138,19.589,20.048,20.508,20.97,21.433,21.896,22.36,22.823,23.286,23.749,24.21,24.67
Urban population (% of total population),SP.URB.TOTL.IN.ZS,"Somalia, Fed. Rep.",SOM,31.425,31.785,32.147,32.511,32.878,33.247,33.617,33.99,34.756,35.531,36.311,37.1,34.404,36.011,37.645,39.31,41,41.558,42.117,42.679,43.245,43.816,44.391,44.971,45.554,46.141
Urban population (% of total population),SP.URB.TOTL.IN.ZS,South Africa,ZAF,54.486,54.967,55.449,55.93,56.411,56.891,57.368,57.898,58.446,58.993,59.536,60.077,60.616,61.154,61.687,62.218,62.746,63.272,63.793,64.312,64.828,65.341,65.85,66.355,66.856,67.354
Urban population (% of total population),SP.URB.TOTL.IN.ZS,South Sudan,SSD,15.873,15.997,16.123,16.249,16.376,16.504,16.632,16.761,16.891,17.023,17.154,17.287,17.42,17.555,17.701,17.86,18.032,18.217,18.415,18.626,18.852,19.092,19.346,19.615,19.899,20.199
Urban population (% of total population),SP.URB.TOTL.IN.ZS,Spain,ESP,75.856,75.938,76.019,76.1,76.181,76.262,76.343,76.533,76.778,77.022,77.263,77.502,77.74,77.976,78.21,78.442,78.673,78.902,79.133,79.366,79.602,79.84,80.08,80.321,80.565,80.81
Urban population (% of total population),SP.URB.TOTL.IN.ZS,Sri Lanka,LKA,18.458,18.442,18.427,18.411,18.396,18.38,18.365,18.349,18.334,18.319,18.303,18.288,18.272,18.257,18.242,18.226,18.211,18.196,18.198,18.218,18.256,18.311,18.384,18.476,18.585,18.713
Urban population (% of total population),SP.URB.TOTL.IN.ZS,St. Kitts and Nevis,KNA,33.715,33.526,33.339,33.151,32.965,32.778,32.598,32.455,32.312,32.17,32.028,31.886,31.744,31.603,31.463,31.322,31.182,31.062,30.964,30.885,30.827,30.79,30.773,30.776,30.799,30.843
Urban population (% of total population),SP.URB.TOTL.IN.ZS,St. Lucia,LCA,28.765,28.565,28.366,28.168,27.971,27.774,27.473,26.329,25.216,24.133,23.085,22.068,21.084,20.131,19.213,18.45,18.45,18.45,18.461,18.482,18.515,18.558,18.612,18.678,18.754,18.841
Urban population (% of total population),SP.URB.TOTL.IN.ZS,St. Martin (French part),MAF,..,..,..,..,..,..,..,..,..,..,..,..,..,..,..,..,..,..,..,..,..,..,..,..,..,..
Urban population (% of total population),SP.URB.TOTL.IN.ZS,St. Vincent and the Grenadines,VCT,43.38,43.741,44.1,44.461,44.823,45.186,45.548,45.914,46.283,46.656,47.032,47.412,47.794,48.18,48.569,48.961,49.356,49.754,50.154,50.558,50.964,51.373,51.784,52.198,52.614,53.032
Urban population (% of total population),SP.URB.TOTL.IN.ZS,Sudan,SDN,32.232,32.284,32.337,32.39,32.442,32.495,32.548,32.601,32.654,32.707,32.76,32.813,32.866,32.919,32.993,33.089,33.207,33.346,33.507,33.689,33.894,34.121,34.37,34.642,34.936,35.253
Urban population (% of total population),SP.URB.TOTL.IN.ZS,Suriname,SUR,66.076,66.15,66.223,66.297,66.371,66.444,66.517,66.591,66.664,66.737,66.682,66.615,66.547,66.479,66.412,66.344,66.276,66.208,66.14,66.089,66.056,66.04,66.041,66.06,66.095,66.149
Urban population (% of total population),SP.URB.TOTL.IN.ZS,Sweden,SWE,83.824,83.914,83.942,83.97,83.998,84.026,84.071,84.133,84.196,84.258,84.319,84.43,84.588,84.746,84.902,85.056,85.297,85.62,85.936,86.247,86.553,86.852,87.146,87.431,87.708,87.977
Urban population (% of total population),SP.URB.TOTL.IN.ZS,Switzerland,CHE,73.654,73.6,73.546,73.492,73.438,73.383,73.375,73.401,73.427,73.452,73.478,73.504,73.53,73.556,73.581,73.607,73.631,73.653,73.674,73.696,73.718,73.739,73.761,73.797,73.849,73.915
Urban population (% of total population),SP.URB.TOTL.IN.ZS,Syrian Arab Republic,SYR,50.104,50.473,50.841,51.21,51.578,51.947,52.314,52.682,53.049,53.417,53.782,54.146,54.511,54.875,55.237,55.6,54.58,53.555,52.529,51.5,52.168,52.835,53.5,54.162,54.821,55.475
Urban population (% of total population),SP.URB.TOTL.IN.ZS,Tajikistan,TJK,28.877,28.338,27.806,27.28,26.76,26.501,26.503,26.505,26.507,26.508,26.51,26.512,26.514,26.516,26.518,26.52,26.521,26.545,26.589,26.655,26.742,26.851,26.982,27.134,27.309,27.506
Urban population (% of total population),SP.URB.TOTL.IN.ZS,Tanzania,TZA,20.543,20.888,21.237,21.59,21.947,22.309,22.674,23.044,23.611,24.223,24.845,25.478,26.121,26.776,27.439,28.114,28.798,29.493,30.196,30.904,31.617,32.333,33.053,33.776,34.5,35.227
Urban population (% of total population),SP.URB.TOTL.IN.ZS,Thailand,THA,30.276,30.449,30.622,30.795,30.969,31.386,32.548,33.734,34.941,36.169,37.411,38.673,39.95,41.242,42.543,43.856,44.698,45.445,46.193,46.943,47.694,48.448,49.2,49.949,50.692,51.43
Urban population (% of total population),SP.URB.TOTL.IN.ZS,Timor-Leste,TLS,22.534,22.873,23.215,23.561,23.91,24.263,24.619,24.979,25.343,25.71,26.041,26.374,26.709,27.048,27.389,27.732,28.079,28.428,28.779,29.133,29.49,29.85,30.212,30.578,30.947,31.32
Urban population (% of total population),SP.URB.TOTL.IN.ZS,Togo,TGO,30.705,31.139,31.576,32.016,32.46,32.907,33.356,33.809,34.265,34.724,35.185,35.649,36.116,36.587,37.058,37.533,38.032,38.546,39.061,39.579,40.1,40.628,41.162,41.702,42.248,42.8
Urban population (% of total population),SP.URB.TOTL.IN.ZS,Tonga,TON,22.864,22.897,22.927,22.955,22.984,23.012,23.041,23.069,23.098,23.127,23.155,23.184,23.227,23.281,23.335,23.389,23.443,23.435,23.382,23.328,23.275,23.222,23.169,23.131,23.107,23.099
Urban population (% of total population),SP.URB.TOTL.IN.ZS,Trinidad and Tobago,TTO,55.04,55.224,55.406,55.589,55.771,55.905,55.718,55.53,55.343,55.155,54.967,54.779,54.59,54.402,54.213,54.025,53.836,53.671,53.53,53.413,53.319,53.25,53.205,53.184,53.187,53.214
Urban population (% of total population),SP.URB.TOTL.IN.ZS,Tunisia,TUN,61.474,61.87,62.262,62.653,63.043,63.432,63.818,64.202,64.585,64.95,65.237,65.524,65.809,66.093,66.376,66.657,66.938,67.218,67.495,67.772,68.056,68.346,68.642,68.945,69.254,69.568
Urban population (% of total population),SP.URB.TOTL.IN.ZS,Turkiye,TUR,62.123,62.653,63.179,63.703,64.223,64.741,65.34,65.974,66.602,67.225,67.84,68.45,69.053,69.651,70.241,70.825,71.402,71.974,72.531,73.077,73.611,74.134,74.644,75.143,75.63,76.105
Urban population (% of total population),SP.URB.TOTL.IN.ZS,Turkmenistan,TKM,44.794,45.018,45.241,45.465,45.689,45.913,46.137,46.362,46.587,46.812,47.052,47.308,47.581,47.868,48.172,48.491,48.825,49.175,49.541,49.921,50.317,50.728,51.153,51.593,52.048,52.516
Urban population (% of total population),SP.URB.TOTL.IN.ZS,Turks and Caicos Islands,TCA,79.928,80.93,81.89,82.814,83.7,84.55,85.362,86.007,86.608,87.188,87.745,88.281,88.797,89.294,89.77,90.228,90.668,91.09,91.483,91.851,92.195,92.517,92.817,93.098,93.36,93.605
Urban population (% of total population),SP.URB.TOTL.IN.ZS,Tuvalu,TUV,43.97,44.379,44.787,45.197,45.607,46.018,46.429,46.841,47.656,48.678,49.699,50.721,51.743,52.765,53.782,54.796,55.807,56.815,57.814,58.786,59.73,60.645,61.53,62.387,63.215,64.014
Urban population (% of total population),SP.URB.TOTL.IN.ZS,Uganda,UGA,12.846,13.216,13.594,13.982,14.379,14.786,15.201,15.626,16.061,16.507,16.96,17.425,17.899,18.384,18.878,19.383,19.898,20.424,20.958,21.504,22.06,22.624,23.196,23.774,24.361,24.954
Urban population (% of total population),SP.URB.TOTL.IN.ZS,Ukraine,UKR,66.951,66.99,67.029,67.067,67.106,67.145,67.183,67.283,67.427,67.597,67.79,67.969,68.147,68.325,68.502,68.596,68.689,68.782,68.875,68.968,69.061,69.154,69.246,69.352,69.473,69.608
Urban population (% of total population),SP.URB.TOTL.IN.ZS,United Arab Emirates,ARE,78.319,78.493,78.938,79.378,79.81,80.236,80.655,81.067,81.472,81.871,82.262,82.648,83.023,83.387,83.742,84.087,84.423,84.749,85.066,85.375,85.674,85.965,86.248,86.522,86.789,87.048
Urban population (% of total population),SP.URB.TOTL.IN.ZS,United Kingdom,GBR,78.353,78.413,78.472,78.532,78.591,78.651,78.751,79.047,79.339,79.629,79.915,80.199,80.479,80.757,81.031,81.302,81.57,81.837,82.102,82.365,82.626,82.886,83.143,83.398,83.652,83.903
Urban population (% of total population),SP.URB.TOTL.IN.ZS,United States,USA,77.257,77.636,78.008,78.377,78.742,79.057,79.234,79.409,79.583,79.757,79.928,80.099,80.269,80.438,80.606,80.772,80.944,81.119,81.299,81.483,81.671,81.862,82.058,82.256,82.459,82.664
Urban population (% of total population),SP.URB.TOTL.IN.ZS,Uruguay,URY,90.542,90.835,91.147,91.45,91.743,92.028,92.303,92.569,92.828,93.078,93.319,93.553,93.779,93.998,94.209,94.414,94.612,94.739,94.843,94.945,95.045,95.144,95.24,95.334,95.426,95.515
Urban population (% of total population),SP.URB.TOTL.IN.ZS,Uzbekistan,UZB,43.731,44.208,44.685,45.164,45.644,46.126,46.606,47.088,47.571,48.054,48.537,49.021,49.505,49.989,50.472,50.956,51.15,51.05,50.95,50.85,50.75,50.65,50.55,50.478,50.433,50.416
Urban population (% of total population),SP.URB.TOTL.IN.ZS,Vanuatu,VUT,20.164,20.464,20.766,21.073,21.382,21.673,21.953,22.235,22.521,22.809,23.099,23.392,23.687,23.985,24.286,24.462,24.561,24.661,24.761,24.861,24.961,25.062,25.163,25.274,25.394,25.525
Urban population (% of total population),SP.URB.TOTL.IN.ZS,"Venezuela, RB",VEN,86.014,86.336,86.65,86.959,87.262,87.559,87.85,87.876,87.902,87.928,87.954,87.98,88.006,88.031,88.057,88.083,88.108,88.123,88.133,88.144,88.154,88.165,88.183,88.208,88.24,88.279
Urban population (% of total population),SP.URB.TOTL.IN.ZS,Viet Nam,VNM,22.166,22.563,22.965,23.371,23.817,24.374,24.937,25.511,26.092,26.683,27.281,27.888,28.504,29.128,29.762,30.417,31.08,31.752,32.429,33.115,33.809,34.51,35.213,35.919,36.628,37.34
Urban population (% of total population),SP.URB.TOTL.IN.ZS,Virgin Islands (U.S.),VIR,90.437,90.917,91.374,91.811,92.228,92.586,92.814,93.036,93.251,93.461,93.664,93.861,94.053,94.239,94.419,94.594,94.761,94.919,95.07,95.213,95.35,95.48,95.603,95.721,95.832,95.939
Urban population (% of total population),SP.URB.TOTL.IN.ZS,West Bank and Gaza,PSE,70.216,70.705,71.187,71.524,71.747,71.969,72.189,72.409,72.627,72.845,73.061,73.276,73.491,73.704,73.923,74.149,74.381,74.619,74.863,75.113,75.368,75.628,75.894,76.164,76.44,76.719
Urban population (% of total population),SP.URB.TOTL.IN.ZS,"Yemen, Rep.",YEM,23.76,24.249,24.743,25.244,25.752,26.267,26.787,27.315,27.849,28.39,28.936,29.49,30.051,30.619,31.194,31.776,32.364,32.958,33.559,34.165,34.777,35.394,36.016,36.642,37.273,37.908
Urban population (% of total population),SP.URB.TOTL.IN.ZS,Zambia,ZMB,37.104,36.638,36.176,35.716,35.258,34.802,35.002,35.475,35.951,36.43,36.911,37.395,37.881,38.371,38.861,39.355,39.851,40.354,40.865,41.382,41.907,42.438,42.976,43.521,44.072,44.629
Urban population (% of total population),SP.URB.TOTL.IN.ZS,Zimbabwe,ZWE,31.732,32.132,32.534,32.939,33.347,33.758,34.17,34.585,34.479,34.294,34.11,33.926,33.743,33.56,33.378,33.196,33.015,32.834,32.654,32.504,32.385,32.296,32.237,32.209,32.21,32.242
Urban population (% of total population),SP.URB.TOTL.IN.ZS,Africa Eastern and Southern,AFE,27.408217689319,27.685697177495,27.9580826816113,28.2459208135898,28.5328930699047,28.8133608282101,29.1100111724331,29.4238903158694,29.7348697219553,30.0480397812627,30.3809953392877,30.704020023887,30.9582450271517,31.3627828804761,31.7742373050596,32.1955953471221,32.6280688229592,33.052742223393,33.4965565572998,33.9596331101231,34.4472807617476,34.9195443761507,35.3962894579202,35.8933979262181,36.384272287815,36.8840344817359
Urban population (% of total population),SP.URB.TOTL.IN.ZS,Africa Western and Central,AFW,33.0650904616738,33.4742231035265,33.9298608881715,34.3971425862883,34.8681686492181,35.3416982581812,35.9510346012348,36.5627714477109,37.1831143920223,37.8109522443181,38.4483793654511,39.0946115629788,39.7385907099206,40.3795094007576,41.0233922174474,41.6724226228926,42.3164260992184,42.9568375522776,43.5879525927349,44.2182784910463,44.8490994916973,45.4738502261529,46.0941365580819,46.7097526162217,47.3226173576126,47.9310209575797
Urban population (% of total population),SP.URB.TOTL.IN.ZS,Arab World,ARB,51.0994592831398,51.3083822593783,51.5511052201292,51.8038910629442,52.0579641108858,52.3262723083108,52.6161793476524,52.9051617965408,53.2051293342866,53.5065936014142,53.8531371963039,54.2288759885801,54.4937880728369,54.9030113257958,55.2960382525499,55.5654925471108,55.8725648894499,56.1657052407112,56.5495371540208,56.9048148917087,57.3250720145106,57.6531027450977,57.8627472124114,58.0104842292073,58.2045421060528,58.4966741305089
Urban population (% of total population),SP.URB.TOTL.IN.ZS,Caribbean small states,CSS,48.9915135091205,49.0802544607415,49.1662802176673,49.2516633156924,49.3364920398275,49.4118251124998,49.3864691771211,49.3209060019469,49.2353900046655,49.1376927029049,48.9362817686175,48.823070972757,48.7196540194762,48.6177371493486,48.5133312024238,48.4287004395765,48.3838117896069,48.3739174351328,48.3569432367189,48.3537213917686,48.3596419249866,48.3751733912142,48.4023208037305,48.3598060566405,48.3740566861139,48.4789384076252
Urban population (% of total population),SP.URB.TOTL.IN.ZS,Central Europe and the Baltics,CEB,61.6092306125598,61.5872476575535,61.5631779443045,61.534018233525,61.5050697885992,61.4761873574983,61.4954533010999,61.5557607471992,61.6021556919924,61.6481810490578,61.7026922241905,61.7638954455271,61.8418454287671,61.9245405466205,61.9860468760089,62.0260650244197,62.0639344852313,62.0822947513821,62.0853985481731,62.096663299312,62.1180221963844,62.1565528590691,62.2153791390802,62.2947407041374,62.3925547365605,62.5213419275711
Urban population (% of total population),SP.URB.TOTL.IN.ZS,Early-demographic dividend,EAR,36.6120282827981,36.932908945386,37.2531557271776,37.5833910365375,37.9140294954528,38.2479884233456,38.5738998095604,38.9324288858957,39.2908672452613,39.6553695908555,40.0254075283237,40.4041156940663,40.7769666713782,41.1574165001313,41.5380760267634,41.9029813707321,42.2694370720537,42.6346426000162,43.015949236188,43.4013542045574,43.8136019607097,44.2160174055837,44.6014670203505,44.9830331970367,45.3762640144949,45.7878149257313
Urban population (% of total population),SP.URB.TOTL.IN.ZS,East Asia & Pacific,EAS,37.6016118895962,38.3546723502604,39.1053281916166,39.8729274983048,40.6532788102548,41.4610353715653,42.4512936275273,43.5330300204815,44.6158597852124,45.7023209102196,46.7853720162275,47.8347136993276,48.8657980593705,49.8986960290052,50.9238337525509,51.9469002743605,52.873230697114,53.7643617758052,54.6496650596792,55.5360592269389,56.4205224809368,57.3027481588233,58.1765611121294,59.0346049837374,59.8725583443197,60.6822345154889
Urban population (% of total population),SP.URB.TOTL.IN.ZS,East Asia & Pacific (excluding high income),EAP,32.2147441850916,33.0676803640114,33.9300136462807,34.8081277500817,35.7008021708453,36.6172744751306,37.6453993908773,38.7527561796692,39.8724608531232,41.0033495519225,42.138525220804,43.2464228822115,44.3390203931955,45.4360027878237,46.5352874881402,47.6373514132382,48.6753704718916,49.6877540842409,50.6939122439899,51.6973010333851,52.695650436027,53.6897778094006,54.6759933117768,55.6392400876998,56.5760210675401,57.4845396808942
Urban population (% of total population),SP.URB.TOTL.IN.ZS,East Asia & Pacific (IDA & IBRD countries),TEA,31.8568563803238,32.7211269389981,33.5949730539647,34.4847616674982,35.3891170960049,36.3175227418132,37.3590499504852,38.4808627983776,39.6148030399397,40.7597478212709,41.9092131668666,43.0310771581234,44.1374284035844,45.2481560988525,46.3601323263502,47.4745186343923,48.5240493742081,49.547645689144,50.5648235001956,51.5790439600646,52.5880415202357,53.5925053714926,54.5887621075747,55.5614585448153,56.5071002716161,57.4239114272433
Urban population (% of total population),SP.URB.TOTL.IN.ZS,Euro area,EMU,71.7723044852666,71.9535595313909,72.1299808095528,72.3031613141413,72.4819824222129,72.674521459245,72.8906265942551,73.1337517593937,73.3835527488815,73.6282526962228,73.8702765468753,74.1071888850381,74.335325070015,74.5609913920847,74.7874335901435,75.0167628883867,75.2411698356353,75.4569184847163,75.6755763098784,75.8877298191384,76.1029415532991,76.3197588251561,76.5414998212393,76.7633481741657,76.9997231691574,77.2349813593651
Urban population (% of total population),SP.URB.TOTL.IN.ZS,Europe & Central Asia,ECS,68.1327712809994,68.2368672044038,68.3436208499154,68.455044818935,68.5714218019653,68.6999129390518,68.8544702516437,69.0540819801949,69.2634193650142,69.475618767895,69.6905206649959,69.9044563599283,70.1216093273013,70.3352580229127,70.540609283588,70.742327971398,70.9254293147007,71.0995802377693,71.2714715683547,71.4427438586557,71.6193597607359,71.8018319488657,71.987006547281,72.1787895688215,72.378819157659,72.5846286655557
Urban population (% of total population),SP.URB.TOTL.IN.ZS,Europe & Central Asia (excluding high income),ECA,57.4436700759071,57.5990531704674,57.762505565426,57.9421177193462,58.140260811789,58.3666591945727,58.6209775355286,58.913248330494,59.2249325901427,59.5415478617923,59.8615334531593,60.1832466998389,60.484626742263,60.8097209766359,61.1348068231508,61.4519143883621,61.7326506199102,61.9656250023103,62.1908557834385,62.4124312631,62.6318175737991,62.8526598744631,63.0728825951758,63.3013485933657,63.5381802571839,63.7631153787727
Urban population (% of total population),SP.URB.TOTL.IN.ZS,Europe & Central Asia (IDA & IBRD countries),TEC,63.1806138940417,63.2439767741358,63.313032637419,63.3905913772922,63.4712767633702,63.561740048542,63.6750137137482,63.8085359530661,63.9584883645413,64.1167990826192,64.2792705525898,64.4441869181253,64.6132975111846,64.7910470567355,64.9652673388568,65.1362336538206,65.2896834847151,65.4208965118103,65.5493192956304,65.6821834722408,65.8203157701268,65.9672037692398,66.1211888619255,66.2842724108461,66.4578157383552,66.6377675914124
Urban population (% of total population),SP.URB.TOTL.IN.ZS,European Union,EUU,70.1268366665122,70.2668131567703,70.4015256475471,70.533151845158,70.6697632296034,70.8257617510047,71.0122593876759,71.2401628189884,71.4619792178923,71.6797455781348,71.897994774521,72.1140855435958,72.3331564783875,72.5510340245521,72.7585269115746,72.9664289080433,73.1608223836712,73.3498260906621,73.5388052677658,73.7231874097275,73.9141353825646,74.1111569045568,74.3137180838517,74.5212870645992,74.7405842986022,74.9759872159918
Urban population (% of total population),SP.URB.TOTL.IN.ZS,Fragile and conflict affected situations,FCS,36.2173923810698,36.391552564702,36.5790281022391,36.7641634950648,36.9575140262642,37.1691912917702,37.4540643186163,37.7155534815033,37.9791887221475,38.25502259884,38.5403322301542,38.8139538806159,39.0465050357355,39.3944970504354,39.7494228049932,40.1115303645567,40.4284190361875,40.744224534,41.0947458588812,41.4493013991037,41.8328369417415,42.2140242756675,42.5843185313941,42.927213828579,43.2680779543801,43.6394229966267
Urban population (% of total population),SP.URB.TOTL.IN.ZS,Heavily indebted poor countries (HIPC),HPC,27.293129729869,27.5518704336571,27.8343530529652,28.1348226871196,28.4385651468002,28.7512066462091,29.0997842101013,29.4405452459864,29.7848750098507,30.1319847165404,30.50070559239,30.8754644673954,31.1918387091867,31.6240989205184,32.0530756202666,32.491512966673,32.9335581402091,33.3590439921105,33.7920341062954,34.2342020425185,34.6901904052385,35.1570287833477,35.6246731078244,36.0931323349764,36.5663214736184,37.0465389661088
Urban population (% of total population),SP.URB.TOTL.IN.ZS,High income,HIC,74.7107846167856,74.9215613556474,75.1219856014955,75.3209831759016,75.5194394451946,75.7159104606567,76.0217333975495,76.3770316647447,76.7142748013634,77.0421768823531,77.3601853804245,77.6555109257519,77.9419987843462,78.2197380662393,78.4817631800137,78.730290968659,78.9234665090901,79.0924332402722,79.2656707284999,79.4387061186541,79.6164028862012,79.7971842507954,79.9779465106785,80.1568320346379,80.3466412738277,80.5443858638507
Urban population (% of total population),SP.URB.TOTL.IN.ZS,IBRD only,IBD,41.1110734585054,41.6175332059561,42.1295463678514,42.6516720993921,43.1800008997637,43.7183512473418,44.3038011635736,44.9425890080496,45.5921181600685,46.2510960003965,46.9164837158728,47.5698188024491,48.2114862583341,48.8610009971071,49.5107521258833,50.1584462571237,50.77719392999,51.3872104622612,52.0043833909345,52.6285015720936,53.249256825779,53.8630279498437,54.4730525266222,55.0771234775401,55.6730186862018,56.2572383997406
Urban population (% of total population),SP.URB.TOTL.IN.ZS,IDA & IBRD total,IBT,38.1806262269382,38.616127071852,39.0580734308558,39.5089501981335,39.9631828163031,40.4256351619026,40.9375084118375,41.4906722431939,42.050642250773,42.6187392141779,43.1927558051343,43.7570148528773,44.3057503243017,44.871338637959,45.4361583517829,46.0007901850597,46.5374985760836,47.0659337967184,47.6048093056323,48.1466258633628,48.6925864607723,49.233633582592,49.7713538751917,50.301080152151,50.8211355459862,51.3285959695125
Urban population (% of total population),SP.URB.TOTL.IN.ZS,IDA blend,IDB,32.5241025225484,32.8981361992507,33.2701841345975,33.6338925007206,33.9853797503499,34.3374216788525,34.779170094102,35.2250948464066,35.6631354707663,36.1043508060075,36.5500826830597,37.0010477697796,37.4547842206776,37.9130743414928,38.3771044163808,38.8477483223638,39.3061853673143,39.7556762799774,40.2116278109995,40.6764393527976,41.1483774380694,41.6223732730942,42.094267862311,42.568372249278,43.0461551836081,43.526580341856
Urban population (% of total population),SP.URB.TOTL.IN.ZS,IDA only,IDX,24.4155956049466,24.6827457449033,24.9671837180155,25.2697787111936,25.5775056601632,25.8941609350284,26.2608279859372,26.6495494656367,27.0441556783664,27.441475423719,27.8549122566498,28.2822770848071,28.6819260955074,29.1475307752032,29.6040063641326,30.0717178105173,30.50893275602,30.9267678051136,31.3447448290355,31.7629487268723,32.2393173119926,32.7399434484205,33.2541343513233,33.7704062246334,34.2901441341824,34.8127799417597
Urban population (% of total population),SP.URB.TOTL.IN.ZS,IDA total,IDA,27.2237183795876,27.5309037171394,27.8490388352282,28.176090911403,28.5014546205037,28.83492029164,29.2338394275423,29.6445267359147,30.0556870624884,30.4722825018542,30.9004679937344,31.3387528021494,31.7629409079578,32.2331359972255,32.6991149671495,33.1742847185102,33.6230185144664,34.0533287657888,34.48626328101,34.920461990074,35.3930381648969,35.8790773172988,36.3728522356199,36.8687600281853,37.3669945784169,37.8684932787533
Urban population (% of total population),SP.URB.TOTL.IN.ZS,Late-demographic dividend,LTE,42.0686755230577,42.7480969100601,43.4429696995644,44.1536086634557,44.8793213020424,45.6278335826902,46.5017067580441,47.4485995521306,48.4126970641164,49.3912861225068,50.3808715430178,51.3547019865279,52.3237873689032,53.2981351995234,54.2708057062181,55.2420765130508,56.1611231164695,57.0582009531008,57.9697914804197,58.8687795884874,59.7601754569678,60.6446048429491,61.5196324604483,62.3774263489862,63.218154758505,64.0329696631862
Urban population (% of total population),SP.URB.TOTL.IN.ZS,Latin America & Caribbean,LCN,73.1897280498853,73.6538966311038,74.1266901723289,74.5949600652278,75.0475997421327,75.496026457602,75.8546401595851,76.1833285481376,76.5035888283245,76.8105978108385,77.1149339228251,77.4142848028044,77.7092622774368,77.9976244507387,78.2785271012667,78.5579173925433,78.8334605944324,79.1007053150702,79.3629353810291,79.6236030336442,79.8819667727394,80.1349551347229,80.3801642315254,80.6138689467709,80.8488679958605,81.0877969256887
Urban population (% of total population),SP.URB.TOTL.IN.ZS,Latin America & Caribbean (excluding high income),LAC,72.2365889244103,72.7136472524109,73.2011668950063,73.6847439138899,74.1514254081382,74.6149326240965,74.9790157555925,75.3251097631481,75.6680548633672,75.9964933826823,76.3197038610586,76.6400974096056,76.956174306103,77.2652895836217,77.5661775693105,77.8654739637702,78.1611069994865,78.4486398684116,78.7312873391729,79.0127052039133,79.2919206746314,79.5663110301781,79.8363374785181,80.1027920682901,80.3673865463117,80.6299945481019
Urban population (% of total population),SP.URB.TOTL.IN.ZS,Latin America & the Caribbean (IDA & IBRD countries),TLA,72.9898527376077,73.4655161116949,73.9491730922547,74.4275153420338,74.8897253441425,75.34802028219,75.7148007535225,76.0506006118887,76.3789936703197,76.6951045149019,77.0084585404128,77.3167514313408,77.6204543475109,77.9171467954934,78.2059442308233,78.4927959794285,78.7758823910133,79.0503099536297,79.3201089434569,79.5886292750419,79.854596104089,80.1148117407706,80.3667891384065,80.607740795928,80.8468332516826,81.0901657049533
Urban population (% of total population),SP.URB.TOTL.IN.ZS,Least developed countries: UN classification,LDC,23.3915146076106,23.6881555929933,24.004237770476,24.34023190724,24.6809774140423,25.0271490898027,25.4263301915298,25.8481571648911,26.2766755172176,26.707526525013,27.1555092838585,27.5975648726192,27.9968049829107,28.4855264908401,28.9780363162154,29.4782380357351,29.9856100929974,30.4846413708241,30.992428991258,31.5100998139128,32.0367971381432,32.5762833143075,33.1242640987107,33.6667279661463,34.2024920969837,34.7409228785313
Urban population (% of total population),SP.URB.TOTL.IN.ZS,Low & middle income,LMY,36.7205418818886,37.2107271777762,37.7064058947066,38.2097511460884,38.7167389862489,39.2338517104975,39.8020132055294,40.4139022265827,41.0301252155546,41.6530256568993,42.2809926345142,42.8970457227504,43.4945978250084,44.1056470271771,44.7145962753349,45.3230162208833,45.9005229782248,46.4680285401234,47.0458333723862,47.6253258965521,48.2084210510769,48.7861260769608,49.3618130264144,49.9317364027109,50.4910880268035,51.0358692115089
Urban population (% of total population),SP.URB.TOTL.IN.ZS,Low income,LIC,28.6991878294783,28.8949458725576,29.1279921259107,29.3915794446606,29.6586088839748,29.9351460456332,30.215251641344,30.4677099766949,30.6993013690676,30.9477890123139,31.2279158147159,31.5329474817188,31.7710596243822,32.1133323433664,32.427806710292,32.7659789914846,33.0359682038115,33.2610310237945,33.4700257727979,33.7005554837113,34.0543791399747,34.4561050366558,34.8821585032487,35.308896471579,35.7448254230166,36.1918388913868
Urban population (% of total population),SP.URB.TOTL.IN.ZS,Lower middle income,LMC,29.5623170862954,29.8217445557515,30.0863121385309,30.3542734370188,30.6237914421867,30.8998888809336,31.2279917033736,31.604915015984,31.9890497034069,32.3774169318961,32.7748010572084,33.1784575740319,33.5862623867699,33.9945412812436,34.4073937481876,34.8269673602317,35.2559988089918,35.6887662148081,36.1457483404799,36.6142648233343,37.0772324949332,37.5349734658891,37.9970008869979,38.468823695992,38.9483291953,39.4369727928763
Urban population (% of total population),SP.URB.TOTL.IN.ZS,"Middle East, North Africa, Afghanistan & Pakistan",MEA,47.3566309947749,47.6103394828705,47.8758590889395,48.1457315226913,48.4058148633023,48.6964988287984,48.9997815875061,49.2490750771856,49.4901716936847,49.7768179206833,50.0971512122545,50.4257855692334,50.7549179084717,51.0673958664026,51.3589935583313,51.5706862807146,51.8030588293785,52.0625197732866,52.4065166891321,52.7368859867344,53.1229249093042,53.4653658066936,53.7232256564093,53.9242829286333,54.1425070359765,54.4074384854235
Urban population (% of total population),SP.URB.TOTL.IN.ZS,"Middle East, North Africa, Afghanistan & Pakistan (excluding high income)",MNA,45.0932301839739,45.3265995684801,45.5669810574772,45.8141394806376,46.0509723456935,46.3097051686053,46.5710236847772,46.7797138854854,46.9843943102949,47.2402660312111,47.5273733319657,47.8062667483667,48.0610975452996,48.3006884352445,48.5380518857829,48.7848007669426,48.9672920117844,49.1583162832566,49.4230571633408,49.7109583002776,50.0173125127404,50.299656741359,50.5591949528696,50.8132407261623,51.0649270322676,51.3116626769768
Urban population (% of total population),SP.URB.TOTL.IN.ZS,"Middle East, North Africa, Afghanistan & Pakistan (IDA & IBRD)",TMN,44.9415847793744,45.1701388537496,45.4055833408666,45.6517895293644,45.8883005442523,46.1467250112561,46.4077039631217,46.6156653261379,46.8196700480261,47.0753059912819,47.3624027353743,47.6412490272859,47.8957197666866,48.1345078305977,48.3712259693821,48.6173822028922,48.7988261588752,48.9887452049584,49.2527804483743,49.5400775372725,49.8457822425934,50.1272231726775,50.3861773229215,50.6387662527733,50.8890037110978,51.1342115026343
Urban population (% of total population),SP.URB.TOTL.IN.ZS,Middle income,MIC,37.2638166838519,37.7809010956635,38.3013815491138,38.8285853962862,39.3604082466266,39.9021243796828,40.4991547923042,41.1482511141498,41.8051861756847,42.4681610561641,43.1357017151639,43.7908125622922,44.4322338679196,45.0801497548705,45.728963250574,46.3760214227418,46.9959515643164,47.608436404347,48.2325391365215,48.8569398442886,49.4762959793182,50.0884468028492,50.6985080182169,51.3049706292102,51.901711293326,52.4827584151325
Urban population (% of total population),SP.URB.TOTL.IN.ZS,North America,NAC,77.3030092454184,77.6716608468305,78.0451821793857,78.4154717527386,78.7816579730607,79.1024052219814,79.2946000347278,79.4600916763101,79.6247150617387,79.789218173362,79.9509204392547,80.1139950647124,80.2852190690772,80.4554653722823,80.6246349465011,80.7919048503299,80.9625825229991,81.1242319014412,81.2903152718523,81.4598469580181,81.6331150379757,81.8089016137772,81.9899052280505,82.1734280782901,82.3621587015054,82.5536546891323
Urban population (% of total population),SP.URB.TOTL.IN.ZS,Not classified,INX,..,..,..,..,..,..,..,..,..,..,..,..,..,..,..,..,..,..,..,..,..,..,..,..,..,..
Urban population (% of total population),SP.URB.TOTL.IN.ZS,OECD members,OED,74.3784408626072,74.628851863791,74.8700738141218,75.1106565735509,75.3519641892462,75.5919773921324,75.94275424967,76.3468613558336,76.7313280457089,77.1007415664554,77.4560044751301,77.7848292767346,78.1013257119815,78.4021401942086,78.6937274093909,78.9786810675555,79.2034329070797,79.4011845423572,79.6009303447065,79.7992968078709,79.9974429739664,80.1981065926716,80.4018750480224,80.6055820250279,80.8158684349034,81.032765332463
Urban population (% of total population),SP.URB.TOTL.IN.ZS,Other small states,OSS,50.4740098450274,50.6248785866328,50.7885931044786,50.9326398599181,51.4743760807991,51.9720002563281,52.0331152086912,52.0890259940328,52.2142351759672,52.3852551461717,52.5322613641959,52.6416635820601,52.7475516643656,52.884994889456,53.0206349728793,53.1452622797676,53.2575372775719,53.3942915386122,53.554042630812,53.7330540038995,53.9285991640959,54.131232724273,54.3571454093448,54.6048276212629,54.8602862593732,55.0796303402671
Urban population (% of total population),SP.URB.TOTL.IN.ZS,Pacific island small states,PSS,33.1243645775383,33.4569450461029,33.6865625659328,33.905294750408,34.1266239303298,34.3907342310581,34.6580334426081,34.8879793606847,35.1160448506832,35.3598678684039,35.6035670209937,35.868218622181,36.1478256745243,36.4569424667487,36.7627309286899,37.0133602010833,37.2122094632295,37.4001775537815,37.5825207998049,37.7632566682875,37.9418362727715,38.1171567107677,38.279362098949,38.4317318565749,38.6080266824363,38.8185116377361
Urban population (% of total population),SP.URB.TOTL.IN.ZS,Post-demographic dividend,PST,75.3331046172161,75.567854515001,75.7895144183213,76.0130119558807,76.2364061727909,76.4517476501278,76.7965719822135,77.2021957272775,77.5903695589908,77.966082654067,78.3284706000985,78.659209202372,78.9718690716478,79.2742259442169,79.562952497419,79.8400812955742,80.0486092771528,80.2228350105744,80.3979335311433,80.5719372728436,80.7467633738853,80.9233728094521,81.1033317671139,81.2842182278933,81.4749496268461,81.6627037423207
Urban population (% of total population),SP.URB.TOTL.IN.ZS,Pre-demographic dividend,PRE,30.317564488615,30.6700650158109,31.0438526705287,31.417612789487,31.7902057387529,32.1721984970077,32.632873084944,33.0841834674422,33.5519816160276,34.037358363129,34.5437387013634,35.0097786842914,35.40982285152,35.9284763639459,36.4650153550427,37.0095598767732,37.5622562816969,38.1124733284927,38.6701372020105,39.2226003545783,39.7771089025231,40.3354760263504,40.8948351996284,41.4439041161344,41.9842362316093,42.5266498156658
Urban population (% of total population),SP.URB.TOTL.IN.ZS,Small states,SST,47.9141174431986,48.0681969443604,48.2169809136141,48.3507165354593,48.7138355108454,49.0559834774638,49.1299103590161,49.1865762132941,49.2749280136857,49.38594459278,49.4604298495372,49.5377659620456,49.6191202224966,49.7266374936188,49.8322692769701,49.9238962017502,50.005682863859,50.11169442468,50.2301369809648,50.3646436439391,50.5130046848984,50.6676584147272,50.8398892098627,51.0083743010062,51.2028404507959,51.4005017222283
Urban population (% of total population),SP.URB.TOTL.IN.ZS,South Asia,SAS,25.6288648344869,25.85859824817,26.0898492534948,26.3229002325186,26.5576573063564,26.7945990826071,27.0774220149628,27.4368938387587,27.7999812501733,28.1674356226398,28.536979721248,28.9094695687906,29.2856928427484,29.6655326792886,30.0474789492246,30.4324114810732,30.8209968765955,31.2204231080542,31.6362001183141,32.0556082920779,32.4847420686569,32.9244292106513,33.3760521966301,33.8381523535219,34.3092492591791,34.7891559819959
Urban population (% of total population),SP.URB.TOTL.IN.ZS,South Asia (IDA & IBRD),TSA,25.6288648344869,25.85859824817,26.0898492534948,26.3229002325186,26.5576573063564,26.7945990826071,27.0774220149628,27.4368938387587,27.7999812501733,28.1674356226398,28.536979721248,28.9094695687906,29.2856928427484,29.6655326792886,30.0474789492246,30.4324114810732,30.8209968765955,31.2204231080542,31.6362001183141,32.0556082920779,32.4847420686569,32.9244292106513,33.3760521966301,33.8381523535219,34.3092492591791,34.7891559819959
Urban population (% of total population),SP.URB.TOTL.IN.ZS,Sub-Saharan Africa,SSF,29.6828137180357,30.0142792577738,30.3626153188965,30.7252345340474,31.08804970872,31.4488337826416,31.8752213998274,32.3129877784381,32.7526679350894,33.1968345010602,33.6568130866309,34.1142421629526,34.5296416763426,35.0325560912001,35.5398388477217,36.0550891197715,36.5769429316826,37.0916475647346,37.6114270854122,38.1433506383947,38.6894512800178,39.2247236714653,39.7596127978553,40.2998165075392,40.8329525970643,41.3686297861541
Urban population (% of total population),SP.URB.TOTL.IN.ZS,Sub-Saharan Africa (excluding high income),SSA,31.3733302545455,31.7329930114237,32.1106871060958,32.5022486523755,32.8937166332944,33.2818971827896,33.742099368364,34.2145739362338,34.6887253988797,35.1668476536793,35.6615304774956,36.1524951281218,36.5944327576205,37.1125870311585,37.6338517687268,38.1629317509414,38.6992315898273,39.225860977515,39.756941744972,40.3004154379771,40.8593103499367,41.4068912264933,41.9542528601209,42.5054254418557,43.0487084912522,43.5952496876917
Urban population (% of total population),SP.URB.TOTL.IN.ZS,Sub-Saharan Africa (IDA & IBRD countries),TSS,29.6828137180357,30.0142792577738,30.3626153188965,30.7252345340474,31.08804970872,31.4488337826416,31.8752213998274,32.3129877784381,32.7526679350895,33.1968345010602,33.656813086631,34.1142421629526,34.5296416763426,35.0325560912001,35.5398388477217,36.0550891197715,36.5769429316825,37.0916475647346,37.6114270854122,38.1433506383947,38.6894512800178,39.2247236714653,39.7596127978553,40.2998165075392,40.8329525970643,41.3686297861541
Urban population (% of total population),SP.URB.TOTL.IN.ZS,Upper middle income,UMC,43.8645108681499,44.6679234847697,45.4779634386196,46.3038472700351,47.1431954639712,48.0028485838759,48.9290185291646,49.9147948276724,50.9125967928276,51.9225000959744,52.9341924501054,53.9229782302226,54.894490459213,55.8744061025032,56.8533836982897,57.8288638787138,58.739769479309,59.621376611654,60.4981478897379,61.3711709586363,62.2388361971036,63.1000058814833,63.950715773199,64.787702639662,65.6044451357591,66.395677535933
Urban population (% of total population),SP.URB.TOTL.IN.ZS,World,WLD,44.7775946824693,45.1286132494186,45.4841675554663,45.8474044437261,46.2157291499285,46.5947279272757,47.0391420916467,47.5301749848121,48.0243050585955,48.5246693011157,49.0288904197989,49.5243255576513,50.0095492883941,50.5079440259338,50.9982568321664,51.4781088042592,51.9239897157904,52.3653340141834,52.8176002224882,53.2720421527374,53.7372524306533,54.1987359505442,54.6501253213613,55.0928852332806,55.5315178075519,55.9623738261611
,,,,,,,,,,,,,,,,,,,,,,,,,,,,,
,,,,,,,,,,,,,,,,,,,,,,,,,,,,,
,,,,,,,,,,,,,,,,,,,,,,,,,,,,,
Data from database: World Development Indicators,,,,,,,,,,,,,,,,,,,,,,,,,,,,,
Last Updated: 10/07/2025,,,,,,,,,,,,,,,,,,,,,,,,,,,,,
